OrderID,Date,Region,Category,UnitsSold,UnitPrice,Revenue,Discount,NetRevenue
2138,2023-01-01,West,Groceries,6,68.45,410.7,0.0,410.7
1756,2023-01-01,West,Sports,5,466.87,2334.35,0.05,2217.63
1980,2023-01-01,East,Groceries,13,92.01,1196.13,0.0,1196.13
1649,2023-01-01,East,Groceries,12,256.54,3078.48,0.2,2462.78
2978,2023-01-01,North,Furniture,1,495.54,495.54,0.0,495.54
1269,2023-01-02,South,Clothing,1,378.12,378.12,0.05,359.21
1213,2023-01-02,East,Groceries,7,138.36,968.52,0.0,968.52
2802,2023-01-02,North,Electronics,5,338.63,1693.15,0.0,1693.15
1069,2023-01-02,West,Clothing,7,388.67,2720.69,0.0,2720.69
2916,2023-01-02,North,Sports,12,492.55,5910.6,0.05,5615.07
2493,2023-01-03,North,Groceries,11,357.08,3927.88,0.0,3927.88
1884,2023-01-03,West,Groceries,14,243.58,3410.12,0.0,3410.12
2551,2023-01-03,North,Furniture,14,303.32,4246.48,0.0,4246.48
2301,2023-01-04,South,Electronics,3,442.45,1327.35,0.0,1327.35
1956,2023-01-04,South,Electronics,14,252.29,3532.06,0.0,3532.06
1834,2023-01-05,East,Sports,5,297.45,1487.25,0.0,1487.25
2025,2023-01-05,North,Clothing,9,383.5,3451.5,0.1,3106.35
1133,2023-01-05,North,Clothing,14,334.08,4677.12,0.05,4443.26
1722,2023-01-05,East,Clothing,12,362.38,4348.56,0.0,4348.56
1421,2023-01-05,West,Electronics,10,176.1,1761.0,0.0,1761.0
1952,2023-01-06,West,Groceries,11,147.42,1621.62,0.0,1621.62
2252,2023-01-07,North,Groceries,10,163.64,1636.4,0.2,1309.12
2835,2023-01-07,North,Electronics,10,471.37,4713.7,0.0,4713.7
1883,2023-01-07,East,Clothing,6,497.32,2983.92,0.0,2983.92
2688,2023-01-07,North,Groceries,7,244.09,1708.63,0.1,1537.77
2619,2023-01-07,North,Furniture,5,465.14,2325.7,0.15,1976.84
1863,2023-01-08,South,Clothing,6,263.26,1579.56,0.15,1342.63
1694,2023-01-08,West,Groceries,5,341.88,1709.4,0.0,1709.4
2228,2023-01-08,North,Clothing,9,422.26,3800.34,0.0,3800.34
1599,2023-01-09,East,Electronics,11,409.96,4509.56,0.0,4509.56
1276,2023-01-09,East,Electronics,6,205.88,1235.28,0.0,1235.28
2819,2023-01-09,East,Groceries,1,110.72,110.72,0.1,99.65
1719,2023-01-10,West,Clothing,4,329.81,1319.24,0.0,1319.24
1990,2023-01-10,North,Groceries,6,116.16,696.96,0.05,662.11
2943,2023-01-10,East,Furniture,3,124.59,373.77,0.0,373.77
2100,2023-01-11,East,Groceries,11,358.38,3942.18,0.0,3942.18
2347,2023-01-11,North,Furniture,10,267.69,2676.9,0.15,2275.37
2779,2023-01-11,East,Electronics,2,164.92,329.84,0.0,329.84
2516,2023-01-11,South,Sports,12,59.27,711.24,0.1,640.12
2401,2023-01-12,East,Sports,3,441.04,1323.12,0.0,1323.12
1688,2023-01-12,North,Groceries,8,244.28,1954.24,0.05,1856.53
1513,2023-01-12,East,Clothing,13,297.69,3869.97,0.1,3482.97
2847,2023-01-12,South,Sports,12,327.98,3935.76,0.05,3738.97
2987,2023-01-12,East,Sports,7,119.21,834.47,0.0,834.47
1994,2023-01-13,North,Sports,7,319.79,2238.53,0.15,1902.75
2924,2023-01-14,North,Sports,8,285.73,2285.84,0.0,2285.84
1054,2023-01-14,South,Clothing,3,239.13,717.39,0.0,717.39
2846,2023-01-14,West,Groceries,5,456.26,2281.3,0.0,2281.3
2084,2023-01-15,East,Sports,3,481.12,1443.36,0.2,1154.69
1139,2023-01-15,South,Groceries,11,434.76,4782.36,0.0,4782.36
2060,2023-01-15,North,Furniture,4,29.04,116.16,0.05,110.35
1098,2023-01-15,West,Furniture,8,284.97,2279.76,0.05,2165.77
1890,2023-01-15,West,Electronics,11,419.98,4619.78,0.15,3926.81
1491,2023-01-16,North,Groceries,3,306.97,920.91,0.15,782.77
2463,2023-01-16,East,Clothing,3,383.62,1150.86,0.05,1093.32
2423,2023-01-16,West,Groceries,11,290.56,3196.16,0.2,2556.93
2644,2023-01-17,East,Electronics,3,324.65,973.95,0.15,827.86
2670,2023-01-17,North,Sports,2,220.69,441.38,0.0,441.38
2315,2023-01-17,East,Groceries,2,330.61,661.22,0.2,528.98
2377,2023-01-17,North,Furniture,4,354.3,1417.2,0.0,1417.2
1341,2023-01-17,East,Clothing,5,124.14,620.7,0.1,558.63
2397,2023-01-17,North,Electronics,9,457.65,4118.85,0.0,4118.85
1366,2023-01-18,East,Furniture,10,88.86,888.6,0.0,888.6
2205,2023-01-18,East,Sports,7,181.12,1267.84,0.0,1267.84
1560,2023-01-19,East,Electronics,14,262.46,3674.44,0.0,3674.44
2204,2023-01-19,East,Sports,13,219.72,2856.36,0.1,2570.72
2543,2023-01-20,East,Clothing,2,68.67,137.34,0.1,123.61
1391,2023-01-20,North,Sports,1,385.71,385.71,0.0,385.71
2976,2023-01-20,West,Sports,6,115.79,694.74,0.0,694.74
2717,2023-01-21,East,Sports,1,161.42,161.42,0.05,153.35
1048,2023-01-21,East,Electronics,2,197.37,394.74,0.2,315.79
1007,2023-01-21,East,Sports,8,466.17,3729.36,0.1,3356.42
2908,2023-01-21,East,Clothing,5,168.85,844.25,0.0,844.25
1030,2023-01-22,South,Furniture,4,180.31,721.24,0.15,613.05
2674,2023-01-22,North,Furniture,4,374.6,1498.4,0.1,1348.56
1320,2023-01-22,South,Sports,2,369.05,738.1,0.05,701.2
2841,2023-01-22,North,Furniture,6,238.45,1430.7,0.0,1430.7
2710,2023-01-22,South,Furniture,3,226.15,678.45,0.15,576.68
2042,2023-01-23,West,Furniture,3,88.72,266.16,0.05,252.85
1481,2023-01-23,West,Clothing,10,342.45,3424.5,0.0,3424.5
1746,2023-01-23,North,Furniture,8,51.09,408.72,0.1,367.85
2105,2023-01-23,West,Clothing,11,386.49,4251.39,0.1,3826.25
2880,2023-01-24,East,Groceries,2,210.81,421.62,0.05,400.54
2165,2023-01-25,East,Electronics,6,152.54,915.24,0.15,777.95
1906,2023-01-25,South,Groceries,12,345.76,4149.12,0.0,4149.12
2383,2023-01-25,North,Electronics,8,224.95,1799.6,0.05,1709.62
1578,2023-01-25,North,Electronics,6,203.01,1218.06,0.0,1218.06
1966,2023-01-26,North,Sports,7,404.83,2833.81,0.1,2550.43
1861,2023-01-26,North,Clothing,9,124.94,1124.46,0.15,955.79
2323,2023-01-27,South,Electronics,10,139.76,1397.6,0.1,1257.84
2742,2023-01-27,North,Sports,8,333.43,2667.44,0.0,2667.44
1328,2023-01-27,North,Furniture,4,463.02,1852.08,0.0,1852.08
1164,2023-01-28,East,Electronics,13,309.65,4025.45,0.0,4025.45
2930,2023-01-28,East,Sports,5,309.78,1548.9,0.1,1394.01
1117,2023-01-28,East,Groceries,12,216.02,2592.24,0.1,2333.02
1874,2023-01-28,West,Clothing,11,132.62,1458.82,0.1,1312.94
1894,2023-01-28,West,Sports,12,164.16,1969.92,0.05,1871.42
2689,2023-01-29,North,Clothing,2,448.77,897.54,0.2,718.03
2478,2023-01-29,South,Clothing,11,252.13,2773.43,0.2,2218.74
2304,2023-01-29,West,Sports,12,116.06,1392.72,0.2,1114.18
1613,2023-01-29,North,Electronics,12,405.67,4868.04,0.0,4868.04
2126,2023-01-29,South,Sports,4,32.84,131.36,0.05,124.79
2344,2023-01-29,South,Sports,12,288.48,3461.76,0.1,3115.58
2622,2023-01-31,North,Sports,4,199.23,796.92,0.0,796.92
2195,2023-02-01,West,Groceries,2,79.52,159.04,0.1,143.14
1120,2023-02-02,West,Groceries,13,161.13,2094.69,0.1,1885.22
2690,2023-02-02,North,Furniture,13,491.43,6388.59,0.05,6069.16
1315,2023-02-02,South,Furniture,6,238.49,1430.94,0.1,1287.85
1763,2023-02-03,East,Furniture,10,60.63,606.3,0.05,575.98
1917,2023-02-03,South,Electronics,2,294.04,588.08,0.2,470.46
2314,2023-02-03,East,Electronics,12,361.97,4343.64,0.0,4343.64
2980,2023-02-04,South,Groceries,12,106.33,1275.96,0.0,1275.96
2872,2023-02-04,East,Groceries,6,465.86,2795.16,0.0,2795.16
1518,2023-02-04,South,Groceries,14,289.66,4055.24,0.1,3649.72
1064,2023-02-04,East,Sports,13,337.08,4382.04,0.1,3943.84
1153,2023-02-05,South,Electronics,4,108.48,433.92,0.2,347.14
1389,2023-02-05,South,Groceries,1,454.99,454.99,0.15,386.74
1274,2023-02-06,South,Sports,14,316.79,4435.06,0.0,4435.06
1350,2023-02-06,North,Electronics,4,279.22,1116.88,0.0,1116.88
1547,2023-02-06,South,Sports,1,91.23,91.23,0.1,82.11
2662,2023-02-06,South,Sports,4,152.39,609.56,0.0,609.56
2582,2023-02-06,South,Furniture,7,341.06,2387.42,0.0,2387.42
2576,2023-02-07,West,Electronics,11,321.04,3531.44,0.0,3531.44
1322,2023-02-07,North,Furniture,12,182.93,2195.16,0.05,2085.4
2477,2023-02-08,North,Groceries,7,371.11,2597.77,0.0,2597.77
2998,2023-02-08,West,Furniture,12,386.66,4639.92,0.2,3711.94
1585,2023-02-08,South,Clothing,3,66.85,200.55,0.05,190.52
1382,2023-02-08,North,Sports,12,128.69,1544.28,0.05,1467.07
2455,2023-02-08,West,Sports,6,421.7,2530.2,0.15,2150.67
1637,2023-02-08,North,Clothing,7,259.65,1817.55,0.0,1817.55
2703,2023-02-08,South,Furniture,2,403.81,807.62,0.0,807.62
1896,2023-02-08,West,Electronics,1,498.1,498.1,0.0,498.1
2384,2023-02-08,East,Sports,3,472.28,1416.84,0.0,1416.84
2051,2023-02-08,West,Electronics,2,491.59,983.18,0.2,786.54
2596,2023-02-09,West,Sports,11,336.92,3706.12,0.0,3706.12
2597,2023-02-09,East,Furniture,1,162.58,162.58,0.0,162.58
2587,2023-02-09,South,Groceries,6,467.31,2803.86,0.0,2803.86
2570,2023-02-09,East,Groceries,7,317.13,2219.91,0.0,2219.91
1948,2023-02-09,South,Groceries,11,294.24,3236.64,0.0,3236.64
1704,2023-02-10,East,Groceries,14,39.5,553.0,0.0,553.0
1116,2023-02-10,West,Electronics,11,42.98,472.78,0.05,449.14
2313,2023-02-10,North,Furniture,12,165.68,1988.16,0.0,1988.16
1096,2023-02-10,North,Electronics,5,317.44,1587.2,0.0,1587.2
2032,2023-02-11,East,Clothing,5,378.07,1890.35,0.0,1890.35
1588,2023-02-11,North,Groceries,5,133.6,668.0,0.0,668.0
2311,2023-02-11,North,Electronics,6,375.44,2252.64,0.0,2252.64
2382,2023-02-11,East,Clothing,11,306.13,3367.43,0.1,3030.69
1815,2023-02-12,South,Sports,14,158.32,2216.48,0.0,2216.48
1509,2023-02-12,North,Sports,14,81.21,1136.94,0.0,1136.94
2396,2023-02-13,East,Groceries,12,159.71,1916.52,0.0,1916.52
2791,2023-02-15,North,Furniture,12,149.73,1796.76,0.0,1796.76
1346,2023-02-15,East,Furniture,2,150.83,301.66,0.0,301.66
2640,2023-02-15,East,Clothing,1,433.88,433.88,0.0,433.88
1845,2023-02-15,East,Groceries,10,154.83,1548.3,0.0,1548.3
2538,2023-02-16,West,Sports,1,191.81,191.81,0.05,182.22
1425,2023-02-16,North,Groceries,8,276.92,2215.36,0.15,1883.06
1468,2023-02-16,South,Electronics,5,287.81,1439.05,0.0,1439.05
2089,2023-02-16,East,Groceries,11,448.42,4932.62,0.05,4685.99
1851,2023-02-16,South,Sports,5,280.18,1400.9,0.1,1260.81
1676,2023-02-16,West,Furniture,6,270.15,1620.9,0.15,1377.76
2421,2023-02-16,North,Furniture,7,206.02,1442.14,0.0,1442.14
1121,2023-02-17,East,Furniture,5,342.89,1714.45,0.05,1628.73
1858,2023-02-17,South,Clothing,5,227.78,1138.9,0.0,1138.9
1339,2023-02-18,South,Groceries,1,349.7,349.7,0.1,314.73
2177,2023-02-18,North,Groceries,12,291.98,3503.76,0.05,3328.57
1757,2023-02-20,East,Clothing,10,435.98,4359.8,0.2,3487.84
1401,2023-02-20,East,Sports,3,450.3,1350.9,0.0,1350.9
2236,2023-02-20,North,Electronics,10,378.04,3780.4,0.0,3780.4
2125,2023-02-20,West,Sports,7,98.25,687.75,0.15,584.59
1832,2023-02-20,West,Furniture,9,432.17,3889.53,0.05,3695.05
2276,2023-02-22,North,Furniture,6,45.12,270.72,0.0,270.72
1811,2023-02-22,North,Sports,6,41.29,247.74,0.05,235.35
1418,2023-02-22,West,Sports,9,486.48,4378.32,0.1,3940.49
1091,2023-02-22,West,Sports,6,352.57,2115.42,0.05,2009.65
1222,2023-02-22,North,Sports,6,248.98,1493.88,0.15,1269.8
1775,2023-02-23,West,Sports,9,361.96,3257.64,0.1,2931.88
1284,2023-02-23,North,Clothing,4,37.57,150.28,0.1,135.25
1414,2023-02-23,West,Sports,10,264.63,2646.3,0.1,2381.67
2232,2023-02-23,North,Groceries,14,22.41,313.74,0.0,313.74
2537,2023-02-23,East,Electronics,10,494.92,4949.2,0.1,4454.28
2217,2023-02-24,South,Electronics,5,78.5,392.5,0.2,314.0
2355,2023-02-24,North,Groceries,10,317.27,3172.7,0.05,3014.06
2223,2023-02-24,North,Sports,4,352.98,1411.92,0.0,1411.92
1855,2023-02-25,North,Clothing,7,145.45,1018.15,0.1,916.34
1870,2023-02-25,West,Furniture,3,460.98,1382.94,0.05,1313.79
1644,2023-02-27,West,Electronics,13,218.8,2844.4,0.05,2702.18
1436,2023-02-27,North,Groceries,5,350.24,1751.2,0.05,1663.64
1660,2023-02-27,East,Sports,3,160.9,482.7,0.0,482.7
1443,2023-02-27,West,Electronics,1,218.32,218.32,0.05,207.4
1034,2023-02-28,West,Sports,9,111.68,1005.12,0.0,1005.12
2983,2023-02-28,South,Furniture,11,14.76,162.36,0.0,162.36
2285,2023-02-28,North,Sports,2,348.22,696.44,0.1,626.8
2869,2023-02-28,West,Furniture,4,279.8,1119.2,0.05,1063.24
2735,2023-03-01,South,Electronics,13,325.67,4233.71,0.0,4233.71
2380,2023-03-02,North,Sports,3,114.93,344.79,0.05,327.55
2509,2023-03-02,North,Furniture,4,76.57,306.28,0.0,306.28
1830,2023-03-02,East,Groceries,14,498.42,6977.88,0.05,6628.99
2548,2023-03-03,East,Clothing,13,284.69,3700.97,0.2,2960.78
2517,2023-03-03,South,Electronics,13,285.68,3713.84,0.0,3713.84
1554,2023-03-03,North,Groceries,11,301.1,3312.1,0.0,3312.1
2185,2023-03-04,North,Clothing,14,95.67,1339.38,0.1,1205.44
1105,2023-03-04,North,Furniture,13,244.51,3178.63,0.05,3019.7
1731,2023-03-04,East,Electronics,12,194.45,2333.4,0.05,2216.73
2172,2023-03-04,East,Electronics,13,343.3,4462.9,0.0,4462.9
2767,2023-03-05,West,Furniture,13,22.77,296.01,0.1,266.41
1725,2023-03-06,North,Furniture,10,258.24,2582.4,0.1,2324.16
1099,2023-03-06,South,Sports,2,254.44,508.88,0.1,457.99
2931,2023-03-07,North,Sports,10,347.02,3470.2,0.05,3296.69
1909,2023-03-08,South,Clothing,5,158.96,794.8,0.05,755.06
1809,2023-03-10,North,Sports,7,23.03,161.21,0.1,145.09
2098,2023-03-10,North,Furniture,3,40.63,121.89,0.0,121.89
1467,2023-03-10,North,Sports,3,416.16,1248.48,0.0,1248.48
2359,2023-03-10,West,Groceries,8,174.3,1394.4,0.0,1394.4
1575,2023-03-10,East,Electronics,4,278.4,1113.6,0.0,1113.6
1628,2023-03-11,East,Furniture,10,184.84,1848.4,0.05,1755.98
1766,2023-03-13,South,Groceries,2,323.1,646.2,0.0,646.2
1005,2023-03-13,North,Furniture,3,347.79,1043.37,0.15,886.86
2770,2023-03-13,East,Clothing,7,208.35,1458.45,0.0,1458.45
2820,2023-03-14,South,Furniture,14,10.28,143.92,0.0,143.92
1849,2023-03-14,North,Furniture,7,444.48,3111.36,0.0,3111.36
2374,2023-03-14,South,Sports,9,188.7,1698.3,0.0,1698.3
1600,2023-03-15,North,Clothing,14,479.17,6708.38,0.0,6708.38
1955,2023-03-16,East,Groceries,10,432.95,4329.5,0.15,3680.08
1530,2023-03-16,North,Electronics,3,93.05,279.15,0.0,279.15
2308,2023-03-16,West,Clothing,9,246.71,2220.39,0.0,2220.39
2154,2023-03-16,East,Clothing,5,138.47,692.35,0.0,692.35
1784,2023-03-16,East,Clothing,1,402.09,402.09,0.05,381.99
2706,2023-03-16,East,Furniture,10,218.95,2189.5,0.1,1970.55
1566,2023-03-17,West,Sports,1,29.68,29.68,0.0,29.68
1459,2023-03-17,West,Sports,12,41.06,492.72,0.0,492.72
2027,2023-03-19,East,Groceries,10,444.37,4443.7,0.0,4443.7
1847,2023-03-19,South,Electronics,11,140.03,1540.33,0.2,1232.26
1875,2023-03-19,South,Electronics,1,206.38,206.38,0.1,185.74
1754,2023-03-19,East,Clothing,3,162.93,488.79,0.0,488.79
2243,2023-03-19,North,Sports,1,101.58,101.58,0.1,91.42
2692,2023-03-20,North,Furniture,11,210.64,2317.04,0.15,1969.48
1666,2023-03-21,East,Furniture,7,171.47,1200.29,0.0,1200.29
1066,2023-03-22,East,Furniture,12,229.11,2749.32,0.0,2749.32
1210,2023-03-22,South,Electronics,4,388.59,1554.36,0.0,1554.36
2407,2023-03-22,North,Furniture,8,239.08,1912.64,0.2,1530.11
1802,2023-03-22,West,Clothing,5,339.57,1697.85,0.0,1697.85
2631,2023-03-23,North,Clothing,9,420.08,3780.72,0.0,3780.72
2263,2023-03-23,South,Clothing,13,149.25,1940.25,0.0,1940.25
1751,2023-03-24,North,Furniture,6,149.94,899.64,0.0,899.64
2837,2023-03-25,East,Electronics,12,55.62,667.44,0.05,634.07
2927,2023-03-25,South,Sports,3,396.35,1189.05,0.0,1189.05
2709,2023-03-25,North,Clothing,7,385.65,2699.55,0.0,2699.55
2830,2023-03-25,North,Electronics,4,138.18,552.72,0.0,552.72
2719,2023-03-25,South,Furniture,9,318.56,2867.04,0.05,2723.69
2178,2023-03-25,East,Electronics,3,311.37,934.11,0.0,934.11
2256,2023-03-26,North,Furniture,2,24.86,49.72,0.0,49.72
1753,2023-03-26,South,Furniture,3,256.93,770.79,0.1,693.71
1899,2023-03-27,North,Clothing,6,245.59,1473.54,0.15,1252.51
1463,2023-03-27,North,Clothing,8,143.18,1145.44,0.0,1145.44
2796,2023-03-27,North,Furniture,4,495.57,1982.28,0.15,1684.94
1158,2023-03-27,South,Groceries,11,132.17,1453.87,0.1,1308.48
2426,2023-03-27,North,Clothing,5,443.75,2218.75,0.0,2218.75
2848,2023-03-28,South,Electronics,3,388.03,1164.09,0.0,1164.09
2222,2023-03-28,South,Furniture,1,444.5,444.5,0.0,444.5
2242,2023-03-29,East,Electronics,9,417.62,3758.58,0.0,3758.58
2787,2023-03-29,North,Furniture,4,282.13,1128.52,0.15,959.24
1014,2023-03-29,West,Groceries,14,184.0,2576.0,0.1,2318.4
2033,2023-03-30,East,Sports,11,484.22,5326.42,0.0,5326.42
2554,2023-03-30,South,Furniture,5,45.07,225.35,0.0,225.35
2415,2023-03-30,South,Furniture,5,50.67,253.35,0.0,253.35
1981,2023-03-31,North,Clothing,9,76.74,690.66,0.0,690.66
1698,2023-03-31,West,Furniture,8,383.81,3070.48,0.05,2916.96
2810,2023-03-31,South,Clothing,10,402.62,4026.2,0.05,3824.89
1520,2023-03-31,North,Furniture,2,13.56,27.12,0.05,25.76
1634,2023-04-01,North,Furniture,3,297.72,893.16,0.0,893.16
2797,2023-04-02,South,Furniture,6,55.47,332.82,0.1,299.54
1398,2023-04-02,East,Groceries,8,239.99,1919.92,0.0,1919.92
1059,2023-04-02,South,Groceries,2,30.17,60.34,0.05,57.32
2604,2023-04-02,North,Electronics,5,210.53,1052.65,0.05,1000.02
2874,2023-04-03,North,Groceries,11,183.93,2023.23,0.0,2023.23
1828,2023-04-03,South,Electronics,12,432.4,5188.8,0.05,4929.36
1469,2023-04-04,East,Sports,13,305.7,3974.1,0.0,3974.1
1819,2023-04-05,North,Furniture,11,42.77,470.47,0.05,446.95
2094,2023-04-05,West,Clothing,2,317.06,634.12,0.1,570.71
1765,2023-04-05,South,Furniture,4,290.65,1162.6,0.05,1104.47
2005,2023-04-05,South,Electronics,9,436.72,3930.48,0.1,3537.43
1446,2023-04-06,East,Sports,10,207.33,2073.3,0.0,2073.3
1543,2023-04-06,South,Furniture,3,363.84,1091.52,0.1,982.37
2241,2023-04-06,South,Sports,2,88.26,176.52,0.0,176.52
1146,2023-04-06,North,Furniture,2,78.66,157.32,0.0,157.32
2070,2023-04-07,West,Clothing,9,218.63,1967.67,0.05,1869.29
1790,2023-04-08,East,Groceries,11,230.53,2535.83,0.1,2282.25
2450,2023-04-08,South,Furniture,1,59.54,59.54,0.15,50.61
2354,2023-04-08,West,Furniture,2,19.14,38.28,0.1,34.45
1349,2023-04-09,West,Furniture,4,146.18,584.72,0.05,555.48
1357,2023-04-09,East,Clothing,9,339.85,3058.65,0.1,2752.79
1576,2023-04-09,South,Groceries,2,301.45,602.9,0.0,602.9
1737,2023-04-09,North,Groceries,7,40.83,285.81,0.1,257.23
1298,2023-04-09,West,Clothing,3,330.91,992.73,0.05,943.09
1541,2023-04-09,West,Sports,6,375.06,2250.36,0.0,2250.36
2542,2023-04-09,East,Sports,7,461.1,3227.7,0.15,2743.54
2700,2023-04-09,West,Sports,8,149.69,1197.52,0.15,1017.89
1278,2023-04-09,East,Groceries,10,60.63,606.3,0.0,606.3
1126,2023-04-09,East,Sports,7,137.29,961.03,0.0,961.03
1483,2023-04-10,South,Furniture,11,400.48,4405.28,0.05,4185.02
2910,2023-04-10,West,Clothing,11,159.82,1758.02,0.1,1582.22
1016,2023-04-10,East,Clothing,8,405.64,3245.12,0.0,3245.12
2782,2023-04-12,North,Groceries,1,331.58,331.58,0.0,331.58
2392,2023-04-12,East,Sports,2,368.75,737.5,0.0,737.5
1001,2023-04-13,South,Sports,3,161.2,483.6,0.0,483.6
2807,2023-04-13,West,Furniture,10,263.45,2634.5,0.0,2634.5
1422,2023-04-13,West,Clothing,11,372.93,4102.23,0.0,4102.23
1786,2023-04-13,West,Furniture,11,348.47,3833.17,0.05,3641.51
1378,2023-04-14,North,Electronics,3,221.63,664.89,0.1,598.4
2050,2023-04-14,North,Sports,10,491.16,4911.6,0.0,4911.6
1292,2023-04-14,South,Sports,1,264.54,264.54,0.0,264.54
1736,2023-04-15,East,Furniture,4,7.33,29.32,0.0,29.32
1800,2023-04-16,East,Furniture,13,418.76,5443.88,0.0,5443.88
2814,2023-04-16,East,Clothing,10,128.68,1286.8,0.1,1158.12
1072,2023-04-16,North,Groceries,11,425.49,4680.39,0.05,4446.37
2122,2023-04-16,West,Electronics,5,53.44,267.2,0.15,227.12
1430,2023-04-16,East,Groceries,6,306.8,1840.8,0.15,1564.68
1004,2023-04-17,North,Clothing,8,444.93,3559.44,0.2,2847.55
1857,2023-04-17,South,Sports,2,318.73,637.46,0.1,573.71
2531,2023-04-17,South,Sports,3,364.85,1094.55,0.05,1039.82
2959,2023-04-17,East,Sports,1,14.65,14.65,0.05,13.92
2466,2023-04-18,South,Clothing,3,487.28,1461.84,0.05,1388.75
2388,2023-04-18,North,Sports,10,444.04,4440.4,0.0,4440.4
2305,2023-04-19,East,Sports,3,249.46,748.38,0.0,748.38
1586,2023-04-19,South,Sports,3,57.74,173.22,0.05,164.56
1911,2023-04-19,North,Clothing,2,10.35,20.7,0.05,19.66
1816,2023-04-21,North,Furniture,3,430.08,1290.24,0.05,1225.73
1915,2023-04-21,East,Sports,13,248.47,3230.11,0.0,3230.11
2832,2023-04-21,South,Clothing,14,269.07,3766.98,0.15,3201.93
1913,2023-04-21,South,Clothing,12,61.07,732.84,0.0,732.84
1295,2023-04-22,North,Electronics,7,491.78,3442.46,0.05,3270.34
2211,2023-04-23,North,Furniture,1,100.53,100.53,0.0,100.53
1207,2023-04-23,North,Sports,11,67.18,738.98,0.1,665.08
1199,2023-04-23,South,Clothing,14,263.74,3692.36,0.15,3138.51
1977,2023-04-23,North,Electronics,14,245.32,3434.48,0.05,3262.76
2350,2023-04-23,North,Furniture,4,273.57,1094.28,0.0,1094.28
2642,2023-04-23,South,Sports,5,456.83,2284.15,0.0,2284.15
1212,2023-04-23,South,Furniture,1,399.68,399.68,0.1,359.71
2212,2023-04-24,East,Sports,10,62.51,625.1,0.1,562.59
2586,2023-04-24,East,Electronics,14,303.77,4252.78,0.0,4252.78
1524,2023-04-25,West,Sports,12,7.03,84.36,0.0,84.36
2592,2023-04-25,East,Furniture,5,97.36,486.8,0.0,486.8
2289,2023-04-25,North,Electronics,10,303.77,3037.7,0.05,2885.81
1359,2023-04-26,South,Clothing,5,410.28,2051.4,0.0,2051.4
2805,2023-04-26,North,Sports,2,422.3,844.6,0.05,802.37
2893,2023-04-27,East,Groceries,3,127.54,382.62,0.05,363.49
2762,2023-04-27,West,Electronics,5,468.23,2341.15,0.0,2341.15
2148,2023-04-27,South,Groceries,6,42.62,255.72,0.1,230.15
1658,2023-04-27,West,Sports,6,104.31,625.86,0.1,563.27
1439,2023-04-27,East,Furniture,9,135.22,1216.98,0.0,1216.98
2079,2023-04-28,West,Groceries,10,429.02,4290.2,0.05,4075.69
1448,2023-04-28,North,Electronics,3,294.85,884.55,0.0,884.55
1772,2023-04-28,South,Groceries,13,70.57,917.41,0.0,917.41
1958,2023-04-28,East,Furniture,6,307.46,1844.76,0.0,1844.76
1973,2023-04-28,South,Electronics,8,165.73,1325.84,0.0,1325.84
2979,2023-04-29,North,Sports,2,264.15,528.3,0.0,528.3
2270,2023-04-29,South,Clothing,5,74.38,371.9,0.0,371.9
1723,2023-04-29,West,Groceries,11,431.63,4747.93,0.0,4747.93
1285,2023-04-30,West,Electronics,1,354.46,354.46,0.15,301.29
1434,2023-04-30,West,Sports,5,117.23,586.15,0.0,586.15
2676,2023-04-30,East,Electronics,13,258.73,3363.49,0.2,2690.79
2245,2023-04-30,North,Clothing,7,232.03,1624.21,0.0,1624.21
2553,2023-04-30,West,Sports,1,12.19,12.19,0.15,10.36
2958,2023-05-01,North,Furniture,14,50.17,702.38,0.0,702.38
1852,2023-05-01,South,Clothing,11,204.97,2254.67,0.0,2254.67
1009,2023-05-02,East,Electronics,5,137.63,688.15,0.0,688.15
1695,2023-05-02,East,Electronics,8,430.13,3441.04,0.0,3441.04
2812,2023-05-02,South,Electronics,7,362.86,2540.02,0.2,2032.02
2853,2023-05-02,West,Sports,4,430.74,1722.96,0.05,1636.81
1232,2023-05-03,West,Sports,2,437.71,875.42,0.05,831.65
2575,2023-05-04,West,Furniture,1,147.71,147.71,0.0,147.71
1242,2023-05-04,West,Furniture,9,147.64,1328.76,0.0,1328.76
1406,2023-05-05,North,Furniture,14,33.26,465.64,0.05,442.36
1901,2023-05-06,North,Clothing,3,266.38,799.14,0.0,799.14
1814,2023-05-06,West,Sports,5,371.31,1856.55,0.1,1670.9
2994,2023-05-06,West,Furniture,3,6.41,19.23,0.05,18.27
1638,2023-05-06,North,Groceries,7,168.84,1181.88,0.0,1181.88
2844,2023-05-07,West,Groceries,3,60.83,182.49,0.15,155.12
1440,2023-05-07,West,Sports,13,363.57,4726.41,0.15,4017.45
2121,2023-05-07,North,Electronics,1,121.99,121.99,0.0,121.99
2310,2023-05-08,South,Clothing,13,276.89,3599.57,0.05,3419.59
1365,2023-05-08,North,Groceries,7,228.91,1602.37,0.0,1602.37
2287,2023-05-08,West,Sports,13,139.5,1813.5,0.1,1632.15
1102,2023-05-09,East,Furniture,10,302.54,3025.4,0.1,2722.86
2707,2023-05-10,East,Sports,5,341.46,1707.3,0.0,1707.3
1221,2023-05-10,South,Groceries,9,393.28,3539.52,0.0,3539.52
2338,2023-05-10,South,Electronics,9,480.86,4327.74,0.0,4327.74
2092,2023-05-10,North,Furniture,6,483.28,2899.68,0.0,2899.68
2928,2023-05-10,West,Electronics,3,71.1,213.3,0.0,213.3
1018,2023-05-11,West,Clothing,11,28.38,312.18,0.0,312.18
2451,2023-05-11,West,Furniture,7,362.04,2534.28,0.15,2154.14
2385,2023-05-11,East,Clothing,7,28.68,200.76,0.0,200.76
1281,2023-05-11,North,Furniture,6,419.18,2515.08,0.0,2515.08
1045,2023-05-11,East,Electronics,8,147.15,1177.2,0.1,1059.48
2030,2023-05-12,West,Electronics,9,349.46,3145.14,0.05,2987.88
1627,2023-05-12,South,Clothing,12,467.9,5614.8,0.1,5053.32
1803,2023-05-13,West,Groceries,1,128.12,128.12,0.1,115.31
2120,2023-05-13,South,Clothing,10,332.49,3324.9,0.1,2992.41
2951,2023-05-13,South,Furniture,13,67.47,877.11,0.0,877.11
2620,2023-05-13,North,Clothing,10,96.19,961.9,0.05,913.8
1593,2023-05-13,North,Electronics,7,53.85,376.95,0.1,339.26
1659,2023-05-14,South,Sports,10,358.99,3589.9,0.1,3230.91
2103,2023-05-14,North,Clothing,13,79.97,1039.61,0.0,1039.61
1118,2023-05-15,North,Clothing,12,223.96,2687.52,0.0,2687.52
1311,2023-05-15,East,Sports,12,108.66,1303.92,0.0,1303.92
2012,2023-05-17,East,Sports,3,10.61,31.83,0.1,28.65
2144,2023-05-17,North,Clothing,3,324.65,973.95,0.05,925.25
2432,2023-05-17,West,Groceries,10,280.72,2807.2,0.1,2526.48
1945,2023-05-17,North,Groceries,13,123.43,1604.59,0.05,1524.36
1804,2023-05-18,East,Groceries,4,12.67,50.68,0.15,43.08
1985,2023-05-19,West,Sports,13,379.93,4939.09,0.05,4692.14
1106,2023-05-19,North,Furniture,3,365.57,1096.71,0.15,932.2
2507,2023-05-20,East,Groceries,9,293.02,2637.18,0.0,2637.18
1978,2023-05-20,West,Sports,2,241.61,483.22,0.0,483.22
2111,2023-05-21,East,Furniture,2,64.36,128.72,0.15,109.41
2190,2023-05-21,East,Electronics,10,68.65,686.5,0.05,652.17
2473,2023-05-21,South,Electronics,5,465.11,2325.55,0.0,2325.55
2495,2023-05-22,West,Electronics,7,21.61,151.27,0.05,143.71
1397,2023-05-23,West,Groceries,13,262.47,3412.11,0.15,2900.29
1680,2023-05-23,North,Clothing,9,57.61,518.49,0.0,518.49
2044,2023-05-23,South,Groceries,13,222.91,2897.83,0.0,2897.83
2813,2023-05-23,East,Sports,14,107.07,1498.98,0.05,1424.03
2202,2023-05-24,North,Furniture,4,40.23,160.92,0.05,152.87
1239,2023-05-24,West,Groceries,4,499.74,1998.96,0.0,1998.96
1265,2023-05-24,North,Electronics,10,227.3,2273.0,0.0,2273.0
1583,2023-05-24,North,Electronics,14,208.09,2913.26,0.0,2913.26
1574,2023-05-24,North,Clothing,7,215.93,1511.51,0.1,1360.36
1752,2023-05-25,North,Clothing,13,190.67,2478.71,0.0,2478.71
2929,2023-05-25,East,Furniture,5,158.74,793.7,0.05,754.02
1903,2023-05-25,East,Groceries,2,363.37,726.74,0.0,726.74
1707,2023-05-25,East,Furniture,11,325.99,3585.89,0.0,3585.89
2549,2023-05-25,West,Electronics,3,336.49,1009.47,0.0,1009.47
2046,2023-05-25,North,Clothing,6,465.06,2790.36,0.15,2371.81
1726,2023-05-26,North,Furniture,6,83.67,502.02,0.0,502.02
1912,2023-05-26,North,Sports,2,352.0,704.0,0.05,668.8
2309,2023-05-26,North,Sports,2,172.17,344.34,0.0,344.34
2499,2023-05-26,South,Sports,2,173.41,346.82,0.2,277.46
2854,2023-05-27,South,Groceries,14,65.7,919.8,0.1,827.82
2257,2023-05-27,South,Sports,10,451.22,4512.2,0.0,4512.2
2601,2023-05-27,South,Clothing,7,255.7,1789.9,0.05,1700.4
1251,2023-05-27,West,Sports,2,119.05,238.1,0.1,214.29
1252,2023-05-28,East,Sports,9,344.17,3097.53,0.0,3097.53
2181,2023-05-28,North,Clothing,1,16.98,16.98,0.05,16.13
2363,2023-05-28,North,Furniture,6,51.56,309.36,0.0,309.36
1665,2023-05-29,East,Sports,1,367.75,367.75,0.0,367.75
2345,2023-05-29,South,Sports,10,252.79,2527.9,0.0,2527.9
1407,2023-05-30,South,Electronics,8,338.05,2704.4,0.15,2298.74
1260,2023-05-31,North,Sports,10,181.52,1815.2,0.0,1815.2
2255,2023-05-31,North,Sports,10,307.42,3074.2,0.0,3074.2
1582,2023-05-31,West,Electronics,9,284.32,2558.88,0.0,2558.88
1283,2023-06-01,South,Clothing,6,142.09,852.54,0.0,852.54
2886,2023-06-01,South,Furniture,2,282.7,565.4,0.0,565.4
2447,2023-06-01,North,Sports,8,406.9,3255.2,0.05,3092.44
2519,2023-06-02,West,Sports,2,32.12,64.24,0.0,64.24
1299,2023-06-02,East,Clothing,11,146.95,1616.45,0.1,1454.8
2753,2023-06-02,North,Groceries,8,382.84,3062.72,0.2,2450.18
2317,2023-06-02,North,Sports,13,465.89,6056.57,0.0,6056.57
2371,2023-06-03,West,Groceries,14,246.61,3452.54,0.0,3452.54
1460,2023-06-03,North,Electronics,13,466.66,6066.58,0.0,6066.58
1768,2023-06-03,South,Groceries,8,149.79,1198.32,0.0,1198.32
1375,2023-06-04,East,Clothing,6,456.74,2740.44,0.0,2740.44
2175,2023-06-05,South,Furniture,5,390.08,1950.4,0.2,1560.32
2967,2023-06-05,West,Clothing,8,331.38,2651.04,0.0,2651.04
1097,2023-06-06,South,Electronics,9,85.99,773.91,0.0,773.91
2067,2023-06-06,West,Furniture,4,19.72,78.88,0.0,78.88
2705,2023-06-06,East,Electronics,4,367.56,1470.24,0.0,1470.24
2085,2023-06-06,West,Electronics,8,275.97,2207.76,0.0,2207.76
2088,2023-06-06,East,Furniture,8,295.9,2367.2,0.05,2248.84
2283,2023-06-07,South,Sports,3,467.0,1401.0,0.05,1330.95
1344,2023-06-07,East,Sports,14,162.06,2268.84,0.2,1815.07
2446,2023-06-08,South,Electronics,9,286.79,2581.11,0.0,2581.11
2879,2023-06-08,South,Furniture,8,267.58,2140.64,0.0,2140.64
2080,2023-06-08,North,Clothing,13,464.2,6034.6,0.05,5732.87
1155,2023-06-09,North,Sports,6,453.48,2720.88,0.0,2720.88
1495,2023-06-09,North,Clothing,2,6.94,13.88,0.05,13.19
1275,2023-06-09,North,Electronics,10,183.1,1831.0,0.0,1831.0
2552,2023-06-09,East,Groceries,9,281.94,2537.46,0.05,2410.59
1362,2023-06-10,South,Groceries,2,173.87,347.74,0.0,347.74
1305,2023-06-10,West,Groceries,10,437.68,4376.8,0.0,4376.8
2169,2023-06-10,North,Electronics,12,85.99,1031.88,0.05,980.29
1027,2023-06-10,East,Clothing,10,194.97,1949.7,0.0,1949.7
2984,2023-06-10,East,Groceries,12,71.92,863.04,0.0,863.04
2462,2023-06-10,East,Groceries,12,210.51,2526.12,0.0,2526.12
1078,2023-06-11,East,Clothing,13,225.0,2925.0,0.1,2632.5
2220,2023-06-11,North,Clothing,9,368.44,3315.96,0.05,3150.16
2727,2023-06-11,North,Electronics,14,23.49,328.86,0.2,263.09
2932,2023-06-12,East,Electronics,2,205.05,410.1,0.0,410.1
1302,2023-06-12,South,Clothing,8,177.69,1421.52,0.2,1137.22
1594,2023-06-12,South,Furniture,4,292.0,1168.0,0.0,1168.0
2728,2023-06-12,West,Electronics,13,225.33,2929.29,0.0,2929.29
2249,2023-06-14,South,Groceries,3,148.91,446.73,0.05,424.39
2962,2023-06-14,West,Groceries,3,493.41,1480.23,0.15,1258.2
1614,2023-06-14,West,Furniture,10,401.08,4010.8,0.05,3810.26
2024,2023-06-14,East,Groceries,4,41.21,164.84,0.0,164.84
1796,2023-06-15,South,Electronics,4,187.51,750.04,0.05,712.54
2777,2023-06-15,East,Electronics,1,158.32,158.32,0.2,126.66
2809,2023-06-15,East,Groceries,14,153.74,2152.36,0.0,2152.36
1633,2023-06-16,South,Furniture,9,294.87,2653.83,0.0,2653.83
1049,2023-06-16,South,Sports,2,23.42,46.84,0.0,46.84
1995,2023-06-17,West,Sports,9,438.12,3943.08,0.0,3943.08
1607,2023-06-17,North,Sports,4,404.73,1618.92,0.05,1537.97
1508,2023-06-17,South,Groceries,5,11.23,56.15,0.1,50.54
2603,2023-06-17,North,Furniture,14,123.42,1727.88,0.0,1727.88
2327,2023-06-17,West,Electronics,2,230.8,461.6,0.0,461.6
1608,2023-06-19,North,Sports,8,256.8,2054.4,0.0,2054.4
2613,2023-06-19,South,Furniture,9,317.36,2856.24,0.05,2713.43
2567,2023-06-19,South,Furniture,10,462.25,4622.5,0.05,4391.38
2469,2023-06-19,North,Clothing,8,467.46,3739.68,0.0,3739.68
1151,2023-06-20,South,Clothing,12,460.22,5522.64,0.0,5522.64
2452,2023-06-20,North,Groceries,14,82.43,1154.02,0.15,980.92
1342,2023-06-21,West,Electronics,13,373.08,4850.04,0.0,4850.04
2389,2023-06-21,South,Furniture,11,406.17,4467.87,0.15,3797.69
1993,2023-06-21,South,Groceries,7,368.48,2579.36,0.0,2579.36
1640,2023-06-22,East,Sports,2,158.38,316.76,0.05,300.92
1664,2023-06-22,North,Clothing,13,216.62,2816.06,0.1,2534.45
1968,2023-06-22,East,Sports,5,54.97,274.85,0.05,261.11
1605,2023-06-23,South,Clothing,6,31.98,191.88,0.0,191.88
2208,2023-06-24,West,Furniture,12,345.52,4146.24,0.15,3524.3
2579,2023-06-25,North,Groceries,4,202.8,811.2,0.05,770.64
1381,2023-06-25,East,Groceries,1,147.06,147.06,0.1,132.35
1561,2023-06-26,North,Groceries,11,307.31,3380.41,0.0,3380.41
2170,2023-06-26,East,Furniture,7,184.57,1291.99,0.05,1227.39
1729,2023-06-26,East,Sports,3,29.43,88.29,0.1,79.46
2225,2023-06-27,South,Electronics,2,95.79,191.58,0.0,191.58
1702,2023-06-27,East,Sports,13,191.7,2492.1,0.0,2492.1
2162,2023-06-28,East,Electronics,2,57.32,114.64,0.05,108.91
2056,2023-06-28,South,Furniture,5,207.35,1036.75,0.0,1036.75
2166,2023-06-29,North,Furniture,2,214.16,428.32,0.0,428.32
1484,2023-06-29,South,Groceries,4,402.5,1610.0,0.0,1610.0
1355,2023-06-30,West,Clothing,12,305.89,3670.68,0.2,2936.54
2250,2023-07-01,North,Groceries,2,491.95,983.9,0.1,885.51
2137,2023-07-01,North,Furniture,14,215.29,3014.06,0.0,3014.06
2163,2023-07-01,South,Sports,9,348.57,3137.13,0.0,3137.13
1632,2023-07-01,West,Groceries,14,147.98,2071.72,0.1,1864.55
1818,2023-07-02,East,Furniture,10,203.9,2039.0,0.15,1733.15
2453,2023-07-02,North,Electronics,13,425.72,5534.36,0.0,5534.36
1805,2023-07-03,East,Clothing,1,87.55,87.55,0.0,87.55
3000,2023-07-03,East,Electronics,2,473.69,947.38,0.05,900.01
1231,2023-07-03,South,Clothing,4,477.44,1909.76,0.1,1718.78
2997,2023-07-04,East,Groceries,10,206.09,2060.9,0.0,2060.9
2900,2023-07-05,East,Furniture,5,216.82,1084.1,0.05,1029.89
1589,2023-07-05,East,Electronics,14,131.06,1834.84,0.0,1834.84
2508,2023-07-06,West,Groceries,14,32.4,453.6,0.0,453.6
2351,2023-07-06,West,Furniture,2,120.36,240.72,0.05,228.68
1243,2023-07-06,West,Furniture,13,303.94,3951.22,0.0,3951.22
2449,2023-07-07,North,Clothing,10,98.98,989.8,0.0,989.8
1093,2023-07-07,North,Groceries,12,13.77,165.24,0.0,165.24
1454,2023-07-08,North,Clothing,6,182.71,1096.26,0.2,877.01
1174,2023-07-09,North,Electronics,11,90.97,1000.67,0.0,1000.67
1546,2023-07-09,North,Groceries,4,295.74,1182.96,0.1,1064.66
1405,2023-07-09,East,Furniture,13,304.7,3961.1,0.0,3961.1
1652,2023-07-09,South,Groceries,2,316.43,632.86,0.0,632.86
1039,2023-07-09,East,Electronics,4,88.76,355.04,0.0,355.04
1360,2023-07-10,North,Electronics,4,62.76,251.04,0.0,251.04
2615,2023-07-10,East,Electronics,3,272.79,818.37,0.15,695.61
1654,2023-07-10,South,Furniture,2,116.95,233.9,0.0,233.9
2669,2023-07-11,South,Sports,8,12.65,101.2,0.0,101.2
1338,2023-07-11,South,Furniture,5,489.74,2448.7,0.0,2448.7
1025,2023-07-11,West,Groceries,10,6.96,69.6,0.05,66.12
1891,2023-07-11,East,Furniture,1,328.84,328.84,0.1,295.96
1539,2023-07-11,North,Furniture,13,441.69,5741.97,0.05,5454.87
2209,2023-07-13,East,Furniture,3,432.66,1297.98,0.05,1233.08
1963,2023-07-13,North,Sports,8,452.96,3623.68,0.0,3623.68
2808,2023-07-13,East,Clothing,9,203.76,1833.84,0.05,1742.15
1611,2023-07-13,East,Furniture,7,468.2,3277.4,0.0,3277.4
1312,2023-07-14,East,Clothing,14,270.86,3792.04,0.0,3792.04
2565,2023-07-14,West,Furniture,5,429.67,2148.35,0.0,2148.35
1825,2023-07-14,East,Sports,6,133.4,800.4,0.0,800.4
1826,2023-07-14,South,Groceries,3,319.89,959.67,0.05,911.69
2664,2023-07-15,North,Sports,8,389.36,3114.88,0.0,3114.88
2074,2023-07-15,North,Electronics,11,29.98,329.78,0.05,313.29
1526,2023-07-15,East,Groceries,1,211.23,211.23,0.05,200.67
1423,2023-07-15,West,Furniture,5,221.87,1109.35,0.0,1109.35
2981,2023-07-17,North,Groceries,12,170.74,2048.88,0.0,2048.88
1237,2023-07-17,West,Sports,12,103.11,1237.32,0.0,1237.32
2052,2023-07-17,West,Furniture,7,462.86,3240.02,0.0,3240.02
2745,2023-07-18,North,Electronics,1,44.1,44.1,0.05,41.9
2412,2023-07-19,West,Furniture,5,481.01,2405.05,0.15,2044.29
2297,2023-07-20,North,Furniture,3,397.23,1191.69,0.05,1132.11
1241,2023-07-20,West,Sports,3,218.34,655.02,0.0,655.02
1119,2023-07-20,East,Sports,2,335.99,671.98,0.05,638.38
2370,2023-07-20,East,Sports,12,466.61,5599.32,0.0,5599.32
1708,2023-07-20,North,Sports,6,192.9,1157.4,0.1,1041.66
1079,2023-07-21,East,Sports,8,75.1,600.8,0.0,600.8
2145,2023-07-21,East,Clothing,1,11.69,11.69,0.0,11.69
1668,2023-07-22,East,Sports,8,146.03,1168.24,0.05,1109.83
1230,2023-07-22,East,Furniture,6,192.44,1154.64,0.0,1154.64
1471,2023-07-23,North,Groceries,7,437.87,3065.09,0.0,3065.09
2961,2023-07-23,West,Furniture,6,58.54,351.24,0.0,351.24
1813,2023-07-24,West,Groceries,5,117.94,589.7,0.05,560.22
1065,2023-07-25,East,Electronics,14,333.89,4674.46,0.0,4674.46
2986,2023-07-25,South,Furniture,12,64.52,774.24,0.05,735.53
2754,2023-07-25,South,Electronics,5,295.3,1476.5,0.1,1328.85
1781,2023-07-26,West,Groceries,12,403.39,4840.68,0.05,4598.65
1138,2023-07-26,East,Groceries,5,413.5,2067.5,0.15,1757.38
2875,2023-07-26,South,Furniture,10,389.95,3899.5,0.0,3899.5
2838,2023-07-27,East,Clothing,3,373.34,1120.02,0.0,1120.02
1280,2023-07-27,North,Clothing,14,248.74,3482.36,0.1,3134.12
2732,2023-07-27,South,Furniture,5,444.98,2224.9,0.1,2002.41
2290,2023-07-28,West,Groceries,9,254.29,2288.61,0.0,2288.61
2113,2023-07-29,East,Furniture,7,434.48,3041.36,0.0,3041.36
2156,2023-07-29,North,Groceries,4,198.09,792.36,0.1,713.12
2677,2023-07-29,North,Groceries,13,284.28,3695.64,0.0,3695.64
1905,2023-07-31,South,Sports,14,57.02,798.28,0.1,718.45
1667,2023-08-01,East,Sports,13,167.66,2179.58,0.15,1852.64
2785,2023-08-02,North,Sports,8,457.08,3656.64,0.15,3108.14
1853,2023-08-02,North,Groceries,6,232.76,1396.56,0.05,1326.73
2191,2023-08-03,West,Groceries,7,14.1,98.7,0.0,98.7
1011,2023-08-03,North,Clothing,6,285.04,1710.24,0.2,1368.19
1595,2023-08-03,North,Furniture,9,315.79,2842.11,0.0,2842.11
2082,2023-08-04,South,Sports,8,279.64,2237.12,0.05,2125.26
2550,2023-08-04,South,Furniture,10,480.88,4808.8,0.0,4808.8
1876,2023-08-04,North,Electronics,6,232.73,1396.38,0.1,1256.74
2404,2023-08-04,South,Clothing,7,151.43,1060.01,0.0,1060.01
2600,2023-08-04,North,Sports,1,127.57,127.57,0.0,127.57
2992,2023-08-04,East,Electronics,6,285.67,1714.02,0.0,1714.02
1092,2023-08-05,South,Groceries,1,189.0,189.0,0.0,189.0
2995,2023-08-05,East,Sports,4,465.79,1863.16,0.0,1863.16
2379,2023-08-05,East,Furniture,9,194.55,1750.95,0.0,1750.95
1625,2023-08-05,East,Electronics,10,196.87,1968.7,0.05,1870.26
1552,2023-08-05,South,Sports,10,235.28,2352.8,0.0,2352.8
1732,2023-08-05,South,Clothing,10,379.81,3798.1,0.0,3798.1
1134,2023-08-06,West,Groceries,12,57.08,684.96,0.0,684.96
2110,2023-08-06,East,Sports,10,305.38,3053.8,0.1,2748.42
2533,2023-08-06,West,Clothing,12,85.45,1025.4,0.1,922.86
1472,2023-08-06,East,Sports,9,26.5,238.5,0.0,238.5
1466,2023-08-08,East,Clothing,6,25.61,153.66,0.05,145.98
1343,2023-08-08,West,Groceries,3,376.38,1129.14,0.2,903.31
1642,2023-08-08,North,Electronics,2,203.62,407.24,0.05,386.88
1215,2023-08-08,East,Sports,9,72.97,656.73,0.05,623.89
2213,2023-08-10,East,Furniture,10,310.05,3100.5,0.0,3100.5
2661,2023-08-10,West,Groceries,5,492.3,2461.5,0.0,2461.5
1951,2023-08-11,West,Clothing,6,366.81,2200.86,0.0,2200.86
1485,2023-08-11,East,Electronics,9,210.55,1894.95,0.1,1705.46
2646,2023-08-11,West,Furniture,9,419.09,3771.81,0.1,3394.63
2999,2023-08-11,East,Furniture,11,220.44,2424.84,0.1,2182.36
2438,2023-08-11,North,Electronics,6,379.2,2275.2,0.0,2275.2
2822,2023-08-11,East,Furniture,4,411.72,1646.88,0.0,1646.88
1591,2023-08-11,East,Furniture,14,98.02,1372.28,0.0,1372.28
2638,2023-08-12,North,Clothing,3,422.02,1266.06,0.1,1139.45
1727,2023-08-12,South,Groceries,11,31.46,346.06,0.0,346.06
2589,2023-08-12,East,Electronics,14,77.71,1087.94,0.15,924.75
2657,2023-08-12,North,Clothing,9,204.13,1837.17,0.2,1469.74
1189,2023-08-13,East,Clothing,12,282.91,3394.92,0.05,3225.17
1175,2023-08-13,South,Sports,14,346.63,4852.82,0.05,4610.18
2047,2023-08-13,East,Clothing,5,316.07,1580.35,0.0,1580.35
2803,2023-08-13,North,Electronics,6,32.96,197.76,0.1,177.98
1975,2023-08-13,East,Clothing,8,71.7,573.6,0.0,573.6
1217,2023-08-13,West,Furniture,5,295.44,1477.2,0.0,1477.2
2275,2023-08-14,West,Clothing,5,364.11,1820.55,0.0,1820.55
1329,2023-08-14,South,Groceries,12,434.64,5215.68,0.0,5215.68
2518,2023-08-14,South,Furniture,9,464.53,4180.77,0.0,4180.77
2532,2023-08-14,South,Electronics,6,292.02,1752.12,0.0,1752.12
2574,2023-08-14,East,Electronics,13,318.07,4134.91,0.15,3514.67
1671,2023-08-15,South,Sports,10,245.39,2453.9,0.15,2085.82
1294,2023-08-15,East,Clothing,8,305.8,2446.4,0.05,2324.08
2352,2023-08-15,West,Electronics,11,288.95,3178.45,0.1,2860.6
2685,2023-08-15,West,Groceries,9,141.24,1271.16,0.2,1016.93
2081,2023-08-16,West,Electronics,1,475.17,475.17,0.0,475.17
1914,2023-08-16,West,Sports,6,387.58,2325.48,0.0,2325.48
1782,2023-08-17,North,Furniture,7,187.65,1313.55,0.05,1247.87
2234,2023-08-17,East,Groceries,6,388.79,2332.74,0.0,2332.74
2933,2023-08-17,North,Clothing,1,438.31,438.31,0.0,438.31
2387,2023-08-17,North,Sports,8,498.8,3990.4,0.1,3591.36
1949,2023-08-17,East,Electronics,5,256.72,1283.6,0.05,1219.42
1669,2023-08-17,South,Clothing,2,241.75,483.5,0.0,483.5
2020,2023-08-17,North,Groceries,5,275.46,1377.3,0.05,1308.44
1323,2023-08-18,North,Electronics,1,429.89,429.89,0.2,343.91
1603,2023-08-18,West,Furniture,4,93.93,375.72,0.05,356.93
1149,2023-08-19,South,Electronics,7,226.51,1585.57,0.0,1585.57
1898,2023-08-19,East,Groceries,11,159.81,1757.91,0.0,1757.91
2065,2023-08-19,South,Furniture,1,66.03,66.03,0.1,59.43
1173,2023-08-19,South,Clothing,7,57.59,403.13,0.0,403.13
2926,2023-08-19,East,Clothing,9,240.27,2162.43,0.0,2162.43
1115,2023-08-19,South,Sports,2,183.2,366.4,0.0,366.4
1842,2023-08-21,South,Electronics,13,72.07,936.91,0.2,749.53
2643,2023-08-21,North,Clothing,13,63.59,826.67,0.0,826.67
1277,2023-08-21,North,Clothing,7,485.37,3397.59,0.0,3397.59
1565,2023-08-21,East,Clothing,7,404.31,2830.17,0.0,2830.17
1677,2023-08-21,West,Sports,3,427.96,1283.88,0.05,1219.69
1910,2023-08-21,East,Clothing,9,166.81,1501.29,0.0,1501.29
2656,2023-08-21,South,Furniture,13,289.55,3764.15,0.05,3575.94
1197,2023-08-21,South,Sports,5,480.31,2401.55,0.0,2401.55
1190,2023-08-22,South,Groceries,5,425.28,2126.4,0.0,2126.4
2299,2023-08-23,South,Furniture,4,342.32,1369.28,0.0,1369.28
1596,2023-08-23,East,Electronics,12,185.79,2229.48,0.0,2229.48
1776,2023-08-24,North,Electronics,4,179.58,718.32,0.0,718.32
2008,2023-08-24,South,Electronics,8,391.91,3135.28,0.05,2978.52
2757,2023-08-24,South,Furniture,9,449.46,4045.14,0.0,4045.14
2905,2023-08-25,East,Furniture,11,394.31,4337.41,0.0,4337.41
2294,2023-08-25,South,Electronics,10,255.64,2556.4,0.0,2556.4
1452,2023-08-25,East,Sports,9,366.06,3294.54,0.2,2635.63
2485,2023-08-27,East,Groceries,3,75.05,225.15,0.05,213.89
1728,2023-08-27,South,Electronics,7,225.62,1579.34,0.0,1579.34
2233,2023-08-27,East,Groceries,9,456.35,4107.15,0.0,4107.15
1854,2023-08-27,North,Clothing,5,12.51,62.55,0.15,53.17
1144,2023-08-29,North,Furniture,5,91.79,458.95,0.2,367.16
1720,2023-08-30,South,Sports,2,194.21,388.42,0.05,369.0
2991,2023-08-30,East,Groceries,11,346.05,3806.55,0.05,3616.22
2666,2023-08-30,West,Clothing,6,167.74,1006.44,0.05,956.12
2801,2023-08-30,East,Furniture,1,50.71,50.71,0.0,50.71
1055,2023-08-30,South,Clothing,3,262.24,786.72,0.0,786.72
2527,2023-08-31,West,Sports,7,174.08,1218.56,0.1,1096.7
1946,2023-08-31,South,Electronics,8,143.86,1150.88,0.1,1035.79
1157,2023-08-31,South,Electronics,4,316.56,1266.24,0.05,1202.93
2852,2023-08-31,West,Furniture,7,167.25,1170.75,0.15,995.14
2151,2023-09-01,West,Clothing,13,359.78,4677.14,0.0,4677.14
1043,2023-09-01,South,Electronics,13,280.64,3648.32,0.1,3283.49
2365,2023-09-01,East,Electronics,11,313.05,3443.55,0.0,3443.55
2481,2023-09-02,North,Sports,2,312.31,624.62,0.0,624.62
1380,2023-09-03,East,Electronics,8,360.91,2887.28,0.1,2598.55
2901,2023-09-03,East,Groceries,7,102.75,719.25,0.05,683.29
1458,2023-09-04,East,Furniture,4,156.35,625.4,0.2,500.32
1228,2023-09-04,South,Electronics,10,310.84,3108.4,0.0,3108.4
1850,2023-09-06,North,Sports,10,230.29,2302.9,0.15,1957.46
1795,2023-09-06,South,Furniture,6,199.04,1194.24,0.0,1194.24
1769,2023-09-07,South,Electronics,11,87.9,966.9,0.05,918.56
2427,2023-09-07,North,Groceries,14,419.75,5876.5,0.15,4995.02
2892,2023-09-07,East,Groceries,10,61.16,611.6,0.0,611.6
2472,2023-09-08,North,Clothing,13,137.12,1782.56,0.0,1782.56
2971,2023-09-08,North,Electronics,6,71.39,428.34,0.0,428.34
2578,2023-09-08,East,Electronics,10,150.35,1503.5,0.0,1503.5
1721,2023-09-08,North,Furniture,4,144.49,577.96,0.1,520.16
2993,2023-09-08,North,Electronics,10,343.38,3433.8,0.1,3090.42
2833,2023-09-08,North,Electronics,2,31.11,62.22,0.05,59.11
1085,2023-09-09,North,Clothing,5,482.39,2411.95,0.1,2170.76
1629,2023-09-09,South,Groceries,1,198.19,198.19,0.0,198.19
1031,2023-09-10,East,Clothing,10,212.64,2126.4,0.0,2126.4
1713,2023-09-10,South,Clothing,3,407.03,1221.09,0.0,1221.09
1602,2023-09-10,South,Furniture,7,284.6,1992.2,0.0,1992.2
1516,2023-09-10,South,Sports,3,374.14,1122.42,0.1,1010.18
1361,2023-09-10,East,Clothing,11,329.72,3626.92,0.0,3626.92
1865,2023-09-10,North,Clothing,10,14.63,146.3,0.05,138.99
1293,2023-09-11,North,Sports,8,481.66,3853.28,0.15,3275.29
1271,2023-09-11,South,Electronics,11,272.34,2995.74,0.1,2696.17
2101,2023-09-11,West,Clothing,5,242.61,1213.05,0.15,1031.09
2073,2023-09-11,West,Sports,7,331.22,2318.54,0.15,1970.76
1479,2023-09-11,North,Furniture,7,203.44,1424.08,0.0,1424.08
2274,2023-09-13,East,Clothing,12,31.83,381.96,0.05,362.86
1716,2023-09-13,South,Electronics,2,426.0,852.0,0.05,809.4
1363,2023-09-13,East,Electronics,2,375.02,750.04,0.2,600.03
2724,2023-09-14,South,Clothing,11,365.45,4019.95,0.05,3818.95
2950,2023-09-14,South,Groceries,7,435.62,3049.34,0.0,3049.34
1862,2023-09-14,North,Sports,13,462.62,6014.06,0.0,6014.06
1493,2023-09-15,South,Electronics,5,155.74,778.7,0.0,778.7
2633,2023-09-15,East,Electronics,9,208.52,1876.68,0.2,1501.34
2535,2023-09-16,East,Electronics,9,71.07,639.63,0.0,639.63
1987,2023-09-16,North,Electronics,4,405.84,1623.36,0.0,1623.36
1685,2023-09-16,North,Groceries,8,241.14,1929.12,0.0,1929.12
1181,2023-09-16,East,Sports,9,136.72,1230.48,0.0,1230.48
2273,2023-09-18,North,Furniture,2,52.07,104.14,0.05,98.93
2572,2023-09-18,North,Sports,4,221.49,885.96,0.0,885.96
1991,2023-09-18,North,Electronics,5,235.43,1177.15,0.0,1177.15
2934,2023-09-18,West,Furniture,8,210.67,1685.36,0.0,1685.36
2087,2023-09-18,South,Sports,4,323.17,1292.68,0.0,1292.68
2599,2023-09-19,East,Electronics,8,495.4,3963.2,0.0,3963.2
1264,2023-09-20,South,Groceries,2,113.74,227.48,0.0,227.48
2827,2023-09-21,North,Sports,11,437.84,4816.24,0.15,4093.8
1417,2023-09-21,North,Clothing,6,384.75,2308.5,0.05,2193.07
2216,2023-09-21,West,Furniture,1,328.3,328.3,0.0,328.3
2239,2023-09-21,South,Clothing,4,421.97,1687.88,0.05,1603.49
1567,2023-09-22,North,Clothing,13,303.69,3947.97,0.05,3750.57
2487,2023-09-23,West,Clothing,2,293.29,586.58,0.1,527.92
2559,2023-09-24,West,Groceries,9,266.28,2396.52,0.1,2156.87
1505,2023-09-25,West,Furniture,4,222.14,888.56,0.1,799.7
1203,2023-09-25,East,Groceries,10,375.31,3753.1,0.05,3565.44
2903,2023-09-25,North,Sports,8,343.96,2751.68,0.0,2751.68
2416,2023-09-25,East,Groceries,6,366.11,2196.66,0.15,1867.16
1774,2023-09-25,East,Electronics,6,256.8,1540.8,0.1,1386.72
2329,2023-09-25,North,Sports,14,23.13,323.82,0.05,307.63
1427,2023-09-26,South,Clothing,7,474.19,3319.33,0.2,2655.46
2021,2023-09-27,West,Furniture,10,286.89,2868.9,0.0,2868.9
1080,2023-09-27,West,Clothing,9,55.74,501.66,0.15,426.41
2946,2023-09-27,East,Clothing,12,448.35,5380.2,0.0,5380.2
2679,2023-09-27,East,Clothing,7,367.28,2570.96,0.0,2570.96
1003,2023-09-28,East,Clothing,6,342.48,2054.88,0.1,1849.39
2730,2023-09-28,South,Clothing,14,178.93,2505.02,0.05,2379.77
2704,2023-09-28,North,Sports,7,336.25,2353.75,0.0,2353.75
1081,2023-09-28,East,Clothing,4,270.06,1080.24,0.05,1026.23
1453,2023-09-29,East,Electronics,13,282.06,3666.78,0.0,3666.78
2483,2023-09-29,West,Electronics,13,286.91,3729.83,0.0,3729.83
2444,2023-09-30,East,Clothing,2,14.93,29.86,0.05,28.37
1897,2023-09-30,North,Clothing,9,99.65,896.85,0.0,896.85
2756,2023-09-30,South,Furniture,4,491.04,1964.16,0.15,1669.54
1553,2023-09-30,South,Furniture,11,36.28,399.08,0.1,359.17
2771,2023-10-01,South,Sports,3,14.09,42.27,0.0,42.27
2474,2023-10-01,South,Sports,9,90.36,813.24,0.1,731.92
1888,2023-10-01,South,Sports,11,158.25,1740.75,0.0,1740.75
1050,2023-10-01,West,Furniture,1,459.21,459.21,0.0,459.21
2394,2023-10-02,South,Sports,13,92.14,1197.82,0.05,1137.93
2952,2023-10-03,North,Sports,1,340.56,340.56,0.0,340.56
2989,2023-10-03,North,Groceries,5,380.08,1900.4,0.1,1710.36
1026,2023-10-04,East,Electronics,11,253.08,2783.88,0.0,2783.88
1308,2023-10-04,South,Clothing,11,428.06,4708.66,0.0,4708.66
1535,2023-10-04,East,Sports,9,396.04,3564.36,0.0,3564.36
1330,2023-10-04,South,Clothing,10,252.34,2523.4,0.0,2523.4
1934,2023-10-04,East,Clothing,6,329.82,1978.92,0.05,1879.97
2298,2023-10-05,North,Electronics,14,116.49,1630.86,0.2,1304.69
2663,2023-10-05,West,Sports,5,301.85,1509.25,0.1,1358.32
1551,2023-10-06,West,Electronics,1,458.01,458.01,0.1,412.21
2280,2023-10-07,East,Clothing,10,407.51,4075.1,0.0,4075.1
1235,2023-10-07,West,Clothing,9,129.94,1169.46,0.0,1169.46
1351,2023-10-07,West,Furniture,4,5.79,23.16,0.0,23.16
1824,2023-10-08,West,Groceries,6,405.35,2432.1,0.0,2432.1
2295,2023-10-08,South,Groceries,2,485.9,971.8,0.2,777.44
2977,2023-10-09,West,Groceries,8,173.52,1388.16,0.15,1179.94
1926,2023-10-09,West,Furniture,10,265.94,2659.4,0.05,2526.43
1730,2023-10-09,East,Clothing,3,286.82,860.46,0.0,860.46
1178,2023-10-10,North,Electronics,8,367.77,2942.16,0.05,2795.05
2097,2023-10-10,West,Sports,10,336.64,3366.4,0.0,3366.4
1327,2023-10-10,South,Clothing,8,114.12,912.96,0.05,867.31
2957,2023-10-11,East,Groceries,12,469.18,5630.16,0.05,5348.65
1332,2023-10-11,North,Groceries,6,358.71,2152.26,0.1,1937.03
2682,2023-10-12,East,Clothing,14,243.49,3408.86,0.05,3238.42
1465,2023-10-12,East,Sports,7,437.29,3061.03,0.05,2907.98
1511,2023-10-12,South,Sports,4,125.6,502.4,0.0,502.4
2261,2023-10-12,East,Clothing,9,417.34,3756.06,0.0,3756.06
2171,2023-10-12,North,Groceries,7,129.24,904.68,0.15,768.98
2197,2023-10-12,East,Electronics,9,254.69,2292.21,0.0,2292.21
2698,2023-10-12,West,Groceries,9,27.11,243.99,0.0,243.99
2201,2023-10-13,East,Clothing,2,169.7,339.4,0.0,339.4
2324,2023-10-14,West,Groceries,8,195.16,1561.28,0.2,1249.02
2941,2023-10-14,East,Electronics,6,391.72,2350.32,0.15,1997.77
2244,2023-10-15,West,Furniture,12,446.84,5362.08,0.15,4557.77
1372,2023-10-15,South,Electronics,10,463.16,4631.6,0.0,4631.6
2422,2023-10-15,North,Clothing,1,60.77,60.77,0.2,48.62
2861,2023-10-15,West,Furniture,13,411.04,5343.52,0.1,4809.17
1478,2023-10-16,South,Sports,8,267.14,2137.12,0.05,2030.26
1112,2023-10-16,East,Sports,10,46.76,467.6,0.0,467.6
2361,2023-10-16,West,Sports,14,141.02,1974.28,0.1,1776.85
2063,2023-10-16,South,Sports,1,448.34,448.34,0.0,448.34
1931,2023-10-16,South,Groceries,5,492.14,2460.7,0.1,2214.63
2072,2023-10-16,East,Furniture,14,496.34,6948.76,0.2,5559.01
2598,2023-10-16,East,Sports,2,193.71,387.42,0.0,387.42
2022,2023-10-18,East,Groceries,7,174.87,1224.09,0.0,1224.09
2096,2023-10-19,North,Groceries,1,189.9,189.9,0.0,189.9
2342,2023-10-19,West,Furniture,6,303.85,1823.1,0.1,1640.79
2918,2023-10-20,South,Sports,7,172.38,1206.66,0.15,1025.66
2500,2023-10-20,East,Clothing,7,8.23,57.61,0.15,48.97
2975,2023-10-20,West,Groceries,6,5.9,35.4,0.05,33.63
1234,2023-10-21,West,Furniture,4,358.26,1433.04,0.1,1289.74
2036,2023-10-22,South,Furniture,10,301.94,3019.4,0.05,2868.43
2637,2023-10-22,West,Groceries,9,341.72,3075.48,0.05,2921.71
2898,2023-10-22,North,Groceries,12,455.77,5469.24,0.0,5469.24
2376,2023-10-23,East,Groceries,3,339.62,1018.86,0.0,1018.86
2346,2023-10-23,North,Sports,1,428.52,428.52,0.0,428.52
2035,2023-10-23,North,Groceries,7,16.11,112.77,0.1,101.49
2016,2023-10-23,North,Electronics,12,272.67,3272.04,0.0,3272.04
2128,2023-10-23,North,Sports,2,496.42,992.84,0.0,992.84
1087,2023-10-23,West,Sports,3,496.35,1489.05,0.05,1414.6
2129,2023-10-24,South,Clothing,5,392.87,1964.35,0.1,1767.92
2913,2023-10-25,North,Clothing,5,397.98,1989.9,0.0,1989.9
1262,2023-10-25,South,Electronics,4,473.57,1894.28,0.2,1515.42
1969,2023-10-27,East,Electronics,8,481.13,3849.04,0.05,3656.59
2939,2023-10-28,East,Groceries,2,61.65,123.3,0.15,104.8
2851,2023-10-28,North,Furniture,1,323.17,323.17,0.1,290.85
2780,2023-10-28,North,Groceries,11,420.29,4623.19,0.0,4623.19
1626,2023-10-28,South,Groceries,14,164.98,2309.72,0.0,2309.72
2588,2023-10-28,North,Furniture,7,105.69,739.83,0.1,665.85
1515,2023-10-29,South,Groceries,4,444.98,1779.92,0.1,1601.93
1354,2023-10-29,East,Clothing,13,298.86,3885.18,0.0,3885.18
2514,2023-10-29,East,Groceries,13,206.65,2686.45,0.0,2686.45
2107,2023-10-29,North,Groceries,2,7.67,15.34,0.15,13.04
1780,2023-10-30,East,Electronics,9,24.94,224.46,0.1,202.01
1868,2023-10-30,North,Sports,4,403.78,1615.12,0.1,1453.61
2940,2023-10-30,North,Furniture,6,156.19,937.14,0.15,796.57
2718,2023-10-30,East,Furniture,1,160.48,160.48,0.0,160.48
1270,2023-10-31,West,Furniture,11,312.89,3441.79,0.05,3269.7
1411,2023-11-01,South,Sports,11,214.24,2356.64,0.05,2238.81
2963,2023-11-01,South,Electronics,8,311.58,2492.64,0.0,2492.64
1678,2023-11-01,North,Groceries,5,7.42,37.1,0.0,37.1
2816,2023-11-01,South,Sports,11,296.63,3262.93,0.05,3099.78
2198,2023-11-01,South,Groceries,3,294.61,883.83,0.0,883.83
1789,2023-11-02,North,Furniture,7,205.22,1436.54,0.2,1149.23
2678,2023-11-02,East,Furniture,10,249.61,2496.1,0.1,2246.49
1773,2023-11-02,North,Furniture,2,337.78,675.56,0.0,675.56
2996,2023-11-02,East,Groceries,13,59.91,778.83,0.15,662.01
2862,2023-11-03,South,Electronics,2,108.61,217.22,0.15,184.64
1794,2023-11-04,North,Electronics,2,332.37,664.74,0.0,664.74
2143,2023-11-05,South,Sports,10,280.56,2805.6,0.0,2805.6
2859,2023-11-05,North,Furniture,5,9.87,49.35,0.0,49.35
1020,2023-11-05,South,Groceries,8,478.17,3825.36,0.2,3060.29
2739,2023-11-05,South,Furniture,14,484.56,6783.84,0.0,6783.84
2795,2023-11-06,West,Electronics,3,175.95,527.85,0.0,527.85
2526,2023-11-06,East,Electronics,11,195.66,2152.26,0.0,2152.26
2353,2023-11-06,East,Groceries,7,411.66,2881.62,0.15,2449.38
2468,2023-11-07,South,Sports,7,258.74,1811.18,0.0,1811.18
2868,2023-11-08,South,Sports,4,144.84,579.36,0.0,579.36
1882,2023-11-08,South,Furniture,7,23.8,166.6,0.0,166.6
2360,2023-11-08,East,Electronics,4,416.96,1667.84,0.0,1667.84
2229,2023-11-09,East,Clothing,13,262.63,3414.19,0.05,3243.48
2955,2023-11-09,West,Sports,12,248.25,2979.0,0.1,2681.1
2147,2023-11-09,East,Groceries,3,492.53,1477.59,0.0,1477.59
2840,2023-11-10,North,Electronics,4,139.34,557.36,0.0,557.36
1408,2023-11-10,West,Groceries,1,267.56,267.56,0.0,267.56
1029,2023-11-10,East,Sports,9,83.78,754.02,0.0,754.02
1929,2023-11-11,North,Clothing,10,459.29,4592.9,0.1,4133.61
2583,2023-11-12,South,Clothing,12,199.02,2388.24,0.0,2388.24
1701,2023-11-12,North,Clothing,8,401.58,3212.64,0.0,3212.64
1053,2023-11-12,North,Electronics,4,442.0,1768.0,0.0,1768.0
2817,2023-11-13,South,Clothing,13,229.94,2989.22,0.0,2989.22
2920,2023-11-14,North,Clothing,5,134.84,674.2,0.1,606.78
2590,2023-11-14,North,Groceries,5,428.63,2143.15,0.15,1821.68
2829,2023-11-14,West,Furniture,11,389.72,4286.92,0.0,4286.92
2831,2023-11-14,South,Furniture,2,406.89,813.78,0.1,732.4
2402,2023-11-14,North,Sports,1,403.84,403.84,0.0,403.84
2194,2023-11-14,South,Electronics,4,314.86,1259.44,0.0,1259.44
2007,2023-11-14,South,Electronics,11,427.86,4706.46,0.05,4471.14
1187,2023-11-14,East,Electronics,12,74.55,894.6,0.0,894.6
2480,2023-11-14,North,Clothing,4,88.85,355.4,0.0,355.4
1999,2023-11-15,West,Clothing,12,247.89,2974.68,0.0,2974.68
2513,2023-11-15,East,Furniture,12,32.07,384.84,0.1,346.36
1927,2023-11-16,North,Clothing,5,383.16,1915.8,0.0,1915.8
2017,2023-11-16,North,Electronics,8,484.15,3873.2,0.1,3485.88
1983,2023-11-16,North,Furniture,10,457.69,4576.9,0.1,4119.21
2772,2023-11-16,North,Electronics,10,138.91,1389.1,0.05,1319.64
1392,2023-11-17,East,Electronics,5,451.45,2257.25,0.0,2257.25
1998,2023-11-17,South,Furniture,6,150.21,901.26,0.0,901.26
1953,2023-11-18,South,Clothing,6,369.85,2219.1,0.05,2108.14
2594,2023-11-19,North,Furniture,5,401.33,2006.65,0.1,1805.98
1364,2023-11-19,North,Sports,5,277.13,1385.65,0.0,1385.65
2561,2023-11-19,West,Electronics,7,421.0,2947.0,0.1,2652.3
1369,2023-11-19,North,Groceries,13,413.67,5377.71,0.0,5377.71
2090,2023-11-20,East,Sports,1,328.33,328.33,0.0,328.33
2498,2023-11-20,East,Clothing,3,398.91,1196.73,0.05,1136.89
2119,2023-11-20,North,Groceries,1,372.7,372.7,0.2,298.16
2667,2023-11-20,North,Electronics,1,307.38,307.38,0.0,307.38
1489,2023-11-21,South,Clothing,14,361.19,5056.66,0.0,5056.66
1244,2023-11-22,East,Electronics,5,29.55,147.75,0.15,125.59
2651,2023-11-22,West,Electronics,14,332.42,4653.88,0.0,4653.88
1971,2023-11-22,North,Groceries,6,230.77,1384.62,0.15,1176.93
2189,2023-11-23,South,Groceries,3,407.24,1221.72,0.1,1099.55
1624,2023-11-23,West,Furniture,2,427.21,854.42,0.0,854.42
2231,2023-11-24,West,Groceries,2,7.69,15.38,0.0,15.38
2577,2023-11-24,North,Electronics,8,146.97,1175.76,0.0,1175.76
2001,2023-11-25,West,Groceries,14,381.35,5338.9,0.15,4538.06
2555,2023-11-25,West,Electronics,3,290.7,872.1,0.1,784.89
2253,2023-11-26,South,Sports,6,498.17,2989.02,0.0,2989.02
1689,2023-11-26,West,Electronics,11,60.26,662.86,0.05,629.72
2398,2023-11-26,South,Groceries,1,421.11,421.11,0.0,421.11
1807,2023-11-26,North,Electronics,2,356.02,712.04,0.15,605.23
2530,2023-11-26,North,Sports,13,260.64,3388.32,0.05,3218.9
1168,2023-11-27,North,Groceries,1,265.26,265.26,0.0,265.26
1012,2023-11-27,East,Clothing,5,12.58,62.9,0.1,56.61
2877,2023-11-28,North,Electronics,11,447.02,4917.22,0.1,4425.5
2566,2023-11-28,North,Electronics,11,152.78,1680.58,0.0,1680.58
2915,2023-11-30,East,Clothing,4,341.18,1364.72,0.05,1296.48
2009,2023-11-30,North,Furniture,13,56.24,731.12,0.0,731.12
2972,2023-11-30,West,Furniture,2,32.92,65.84,0.0,65.84
2429,2023-12-01,North,Electronics,13,461.41,5998.33,0.1,5398.5
1791,2023-12-01,South,Electronics,14,354.35,4960.9,0.0,4960.9
2896,2023-12-01,West,Groceries,11,196.15,2157.65,0.0,2157.65
2660,2023-12-01,South,Electronics,12,217.88,2614.56,0.0,2614.56
1798,2023-12-01,North,Groceries,12,196.66,2359.92,0.05,2241.92
1492,2023-12-02,East,Clothing,1,194.33,194.33,0.0,194.33
2602,2023-12-02,East,Sports,14,422.98,5921.72,0.0,5921.72
1860,2023-12-03,East,Groceries,3,197.11,591.33,0.0,591.33
1257,2023-12-04,South,Groceries,13,245.94,3197.22,0.05,3037.36
1090,2023-12-04,North,Electronics,11,337.67,3714.37,0.2,2971.5
1300,2023-12-04,South,Electronics,2,282.01,564.02,0.0,564.02
2773,2023-12-04,West,Sports,8,403.34,3226.72,0.0,3226.72
1616,2023-12-05,North,Clothing,12,386.26,4635.12,0.2,3708.1
2405,2023-12-05,West,Sports,10,444.66,4446.6,0.0,4446.6
1167,2023-12-06,North,Clothing,13,340.34,4424.42,0.05,4203.2
2489,2023-12-06,South,Furniture,6,233.65,1401.9,0.15,1191.62
1058,2023-12-06,South,Clothing,6,452.0,2712.0,0.0,2712.0
1475,2023-12-07,North,Electronics,2,377.41,754.82,0.2,603.86
1557,2023-12-08,South,Furniture,12,486.4,5836.8,0.0,5836.8
2322,2023-12-08,North,Sports,12,216.62,2599.44,0.0,2599.44
2183,2023-12-08,East,Furniture,2,362.29,724.58,0.0,724.58
1410,2023-12-08,South,Clothing,13,297.13,3862.69,0.1,3476.42
1620,2023-12-08,South,Furniture,12,261.21,3134.52,0.0,3134.52
1101,2023-12-10,East,Clothing,5,184.62,923.1,0.1,830.79
2764,2023-12-10,South,Furniture,11,46.77,514.47,0.05,488.75
2515,2023-12-10,North,Clothing,2,92.82,185.64,0.05,176.36
1021,2023-12-10,East,Furniture,12,39.85,478.2,0.1,430.38
2506,2023-12-10,East,Electronics,11,143.34,1576.74,0.0,1576.74
2611,2023-12-11,West,Clothing,2,328.38,656.76,0.05,623.92
1056,2023-12-12,South,Groceries,2,99.34,198.68,0.15,168.88
2134,2023-12-12,South,Clothing,12,257.0,3084.0,0.05,2929.8
2106,2023-12-12,East,Furniture,2,135.69,271.38,0.05,257.81
1266,2023-12-12,North,Electronics,1,399.24,399.24,0.0,399.24
1249,2023-12-12,East,Sports,9,35.93,323.37,0.1,291.03
1844,2023-12-12,West,Sports,14,415.57,5817.98,0.0,5817.98
1437,2023-12-12,North,Furniture,2,49.8,99.6,0.05,94.62
2159,2023-12-13,East,Electronics,4,81.3,325.2,0.1,292.68
1764,2023-12-14,North,Electronics,10,42.44,424.4,0.05,403.18
1171,2023-12-14,South,Furniture,8,474.15,3793.2,0.05,3603.54
1651,2023-12-14,North,Sports,6,496.08,2976.48,0.05,2827.66
1696,2023-12-14,East,Groceries,6,316.29,1897.74,0.0,1897.74
2747,2023-12-15,West,Clothing,6,393.44,2360.64,0.1,2124.58
2591,2023-12-15,South,Groceries,9,342.05,3078.45,0.0,3078.45
2227,2023-12-15,West,Clothing,14,409.69,5735.66,0.2,4588.53
1246,2023-12-15,North,Furniture,11,21.26,233.86,0.1,210.47
1352,2023-12-15,South,Groceries,4,145.19,580.76,0.0,580.76
2459,2023-12-15,West,Furniture,6,20.57,123.42,0.0,123.42
2019,2023-12-15,South,Sports,13,429.94,5589.22,0.05,5309.76
1856,2023-12-16,West,Electronics,12,221.11,2653.32,0.1,2387.99
1940,2023-12-16,East,Clothing,11,446.14,4907.54,0.05,4662.16
1942,2023-12-16,East,Furniture,5,43.19,215.95,0.1,194.36
1424,2023-12-16,West,Electronics,12,409.81,4917.72,0.0,4917.72
2867,2023-12-18,North,Groceries,4,168.95,675.8,0.0,675.8
2605,2023-12-19,North,Furniture,3,309.47,928.41,0.0,928.41
2876,2023-12-19,South,Groceries,3,370.71,1112.13,0.1,1000.92
1399,2023-12-20,North,Clothing,6,132.9,797.4,0.05,757.53
2614,2023-12-22,East,Furniture,11,476.85,5245.35,0.1,4720.82
2312,2023-12-22,North,Clothing,9,393.04,3537.36,0.0,3537.36
2118,2023-12-22,South,Groceries,7,407.64,2853.48,0.0,2853.48
2856,2023-12-22,South,Electronics,3,201.38,604.14,0.05,573.93
2632,2023-12-22,East,Electronics,2,238.19,476.38,0.0,476.38
1480,2023-12-23,South,Groceries,6,152.21,913.26,0.05,867.6
2557,2023-12-23,South,Sports,10,434.01,4340.1,0.1,3906.09
1690,2023-12-24,West,Clothing,3,62.12,186.36,0.0,186.36
2821,2023-12-25,North,Electronics,8,389.4,3115.2,0.05,2959.44
2296,2023-12-25,North,Electronics,14,141.74,1984.36,0.2,1587.49
2488,2023-12-25,South,Clothing,3,67.79,203.37,0.0,203.37
1182,2023-12-25,South,Electronics,12,417.43,5009.16,0.0,5009.16
2187,2023-12-26,North,Furniture,11,282.2,3104.2,0.05,2948.99
1822,2023-12-26,East,Groceries,7,6.44,45.08,0.0,45.08
2645,2023-12-26,West,Furniture,12,128.79,1545.48,0.05,1468.21
2179,2023-12-27,North,Clothing,9,145.03,1305.27,0.15,1109.48
1648,2023-12-27,West,Furniture,2,58.09,116.18,0.0,116.18
2949,2023-12-27,East,Groceries,2,252.28,504.56,0.0,504.56
1886,2023-12-29,North,Electronics,11,228.9,2517.9,0.05,2392.0
2108,2023-12-29,East,Electronics,7,335.91,2351.37,0.05,2233.8
2609,2023-12-29,South,Furniture,7,295.39,2067.73,0.1,1860.96
2339,2023-12-29,East,Furniture,14,232.19,3250.66,0.0,3250.66
2627,2023-12-29,North,Furniture,13,266.47,3464.11,0.15,2944.49
2454,2023-12-30,North,Furniture,10,364.46,3644.6,0.0,3644.6
2279,2023-12-30,North,Clothing,9,439.47,3955.23,0.0,3955.23
2883,2023-12-30,North,Groceries,13,123.66,1607.58,0.05,1527.2
1619,2023-12-31,North,Clothing,6,34.66,207.96,0.0,207.96
1324,2023-12-31,West,Electronics,12,120.14,1441.68,0.0,1441.68
2649,2023-12-31,West,Furniture,3,287.64,862.92,0.15,733.48
2368,2023-12-31,West,Groceries,11,208.99,2298.89,0.0,2298.89
1878,2023-12-31,North,Groceries,11,21.31,234.41,0.1,210.97
2529,2024-01-01,West,Furniture,14,284.11,3977.54,0.1,3579.79
2774,2024-01-01,East,Electronics,14,309.67,4335.38,0.05,4118.61
2968,2024-01-02,North,Clothing,5,455.31,2276.55,0.15,1935.07
1060,2024-01-02,North,Furniture,14,432.46,6054.44,0.05,5751.72
1573,2024-01-02,North,Furniture,2,73.45,146.9,0.0,146.9
1548,2024-01-04,West,Furniture,5,481.63,2408.15,0.0,2408.15
1919,2024-01-04,North,Groceries,4,384.0,1536.0,0.1,1382.4
1656,2024-01-04,North,Groceries,3,408.21,1224.63,0.1,1102.17
2825,2024-01-05,North,Electronics,13,192.21,2498.73,0.2,1998.98
1428,2024-01-05,West,Groceries,4,39.31,157.24,0.1,141.52
2140,2024-01-06,South,Clothing,9,311.69,2805.21,0.15,2384.43
2343,2024-01-06,South,Electronics,11,57.11,628.21,0.0,628.21
2899,2024-01-06,East,Clothing,3,481.34,1444.02,0.0,1444.02
2207,2024-01-06,East,Groceries,7,155.89,1091.23,0.0,1091.23
2439,2024-01-07,South,Electronics,14,321.9,4506.6,0.0,4506.6
1683,2024-01-08,West,Clothing,3,331.38,994.14,0.0,994.14
1693,2024-01-08,South,Electronics,9,243.39,2190.51,0.0,2190.51
1347,2024-01-08,South,Clothing,14,133.06,1862.84,0.0,1862.84
1015,2024-01-08,North,Sports,7,206.18,1443.26,0.0,1443.26
1820,2024-01-09,North,Furniture,12,367.69,4412.28,0.1,3971.05
2410,2024-01-09,South,Electronics,12,30.05,360.6,0.0,360.6
1193,2024-01-09,West,Groceries,6,222.99,1337.94,0.0,1337.94
1724,2024-01-09,North,Furniture,11,328.77,3616.47,0.0,3616.47
1319,2024-01-10,North,Furniture,9,366.24,3296.16,0.05,3131.35
2917,2024-01-10,North,Clothing,2,19.27,38.54,0.0,38.54
2496,2024-01-11,West,Clothing,1,282.4,282.4,0.05,268.28
1532,2024-01-11,West,Furniture,1,223.74,223.74,0.0,223.74
2010,2024-01-11,East,Furniture,10,58.17,581.7,0.0,581.7
1177,2024-01-12,West,Electronics,4,446.57,1786.28,0.1,1607.65
1930,2024-01-12,North,Sports,13,102.74,1335.62,0.0,1335.62
2486,2024-01-12,East,Electronics,10,441.82,4418.2,0.0,4418.2
2318,2024-01-13,West,Clothing,14,395.74,5540.36,0.0,5540.36
2124,2024-01-13,North,Sports,9,279.07,2511.63,0.0,2511.63
2750,2024-01-13,North,Groceries,11,440.57,4846.27,0.1,4361.64
1113,2024-01-14,North,Groceries,10,344.08,3440.8,0.0,3440.8
2026,2024-01-14,South,Furniture,11,145.92,1605.12,0.0,1605.12
1094,2024-01-15,South,Sports,8,353.08,2824.64,0.0,2824.64
2221,2024-01-15,South,Sports,1,32.28,32.28,0.05,30.67
2510,2024-01-15,North,Furniture,5,349.15,1745.75,0.1,1571.18
1500,2024-01-15,East,Groceries,1,137.25,137.25,0.15,116.66
2259,2024-01-16,South,Electronics,10,434.9,4349.0,0.1,3914.1
2922,2024-01-16,West,Sports,12,21.0,252.0,0.05,239.4
2686,2024-01-16,East,Furniture,8,42.23,337.84,0.1,304.06
2884,2024-01-17,North,Groceries,11,189.44,2083.84,0.0,2083.84
2714,2024-01-17,North,Clothing,7,220.94,1546.58,0.05,1469.25
2834,2024-01-18,East,Groceries,5,231.18,1155.9,0.2,924.72
1570,2024-01-19,North,Clothing,8,12.44,99.52,0.0,99.52
1739,2024-01-20,South,Electronics,13,441.71,5742.23,0.0,5742.23
1176,2024-01-20,North,Sports,13,324.57,4219.41,0.0,4219.41
1218,2024-01-20,East,Furniture,3,55.94,167.82,0.1,151.04
1205,2024-01-21,North,Clothing,10,106.58,1065.8,0.2,852.64
1877,2024-01-21,East,Groceries,10,152.35,1523.5,0.0,1523.5
1024,2024-01-21,North,Furniture,12,249.17,2990.04,0.0,2990.04
1377,2024-01-21,North,Sports,12,253.4,3040.8,0.0,3040.8
2763,2024-01-21,South,Groceries,11,120.83,1329.13,0.0,1329.13
2155,2024-01-21,East,Electronics,4,329.11,1316.44,0.05,1250.62
2267,2024-01-21,South,Electronics,1,293.37,293.37,0.0,293.37
2746,2024-01-22,East,Furniture,13,348.18,4526.34,0.0,4526.34
2722,2024-01-22,East,Furniture,7,52.04,364.28,0.1,327.85
1206,2024-01-22,South,Sports,14,98.81,1383.34,0.1,1245.01
1650,2024-01-22,North,Groceries,14,369.06,5166.84,0.0,5166.84
1051,2024-01-23,North,Groceries,5,338.19,1690.95,0.0,1690.95
1068,2024-01-23,South,Furniture,10,481.0,4810.0,0.05,4569.5
2490,2024-01-24,South,Sports,3,423.17,1269.51,0.05,1206.03
1777,2024-01-24,West,Furniture,9,166.22,1495.98,0.05,1421.18
1070,2024-01-25,South,Groceries,4,312.86,1251.44,0.0,1251.44
2839,2024-01-25,East,Clothing,8,403.87,3230.96,0.0,3230.96
1714,2024-01-25,South,Furniture,1,433.68,433.68,0.15,368.63
2226,2024-01-26,West,Electronics,9,218.67,1968.03,0.05,1869.63
2055,2024-01-26,West,Clothing,6,409.42,2456.52,0.0,2456.52
2428,2024-01-26,North,Clothing,10,441.98,4419.8,0.0,4419.8
1965,2024-01-27,South,Electronics,5,176.4,882.0,0.0,882.0
1109,2024-01-27,South,Furniture,10,101.26,1012.6,0.0,1012.6
2784,2024-01-27,North,Electronics,6,345.0,2070.0,0.05,1966.5
1310,2024-01-27,West,Furniture,14,374.88,5248.32,0.0,5248.32
1137,2024-01-28,North,Clothing,13,403.85,5250.05,0.0,5250.05
1441,2024-01-28,North,Furniture,3,98.83,296.49,0.05,281.67
1609,2024-01-28,North,Sports,9,32.08,288.72,0.0,288.72
1379,2024-01-28,North,Groceries,5,173.15,865.75,0.0,865.75
1908,2024-01-29,North,Groceries,10,394.9,3949.0,0.05,3751.55
2625,2024-01-29,West,Clothing,13,407.74,5300.62,0.1,4770.56
1537,2024-01-29,South,Sports,8,427.47,3419.76,0.1,3077.78
2766,2024-01-30,West,Clothing,13,14.37,186.81,0.15,158.79
2942,2024-01-30,North,Furniture,14,186.13,2605.82,0.1,2345.24
2573,2024-01-30,East,Clothing,12,466.66,5599.92,0.0,5599.92
2109,2024-01-31,East,Furniture,9,486.45,4378.05,0.0,4378.05
2271,2024-01-31,West,Sports,8,274.37,2194.96,0.0,2194.96
1577,2024-01-31,East,Groceries,12,140.83,1689.96,0.0,1689.96
1563,2024-01-31,North,Electronics,2,147.18,294.36,0.15,250.21
2460,2024-02-01,South,Clothing,10,364.62,3646.2,0.0,3646.2
1512,2024-02-01,East,Groceries,8,236.96,1895.68,0.15,1611.33
1558,2024-02-01,South,Clothing,6,274.29,1645.74,0.05,1563.45
2701,2024-02-01,West,Furniture,2,406.49,812.98,0.05,772.33
1590,2024-02-02,West,Groceries,12,499.11,5989.32,0.05,5689.85
1136,2024-02-02,East,Furniture,5,319.54,1597.7,0.0,1597.7
1307,2024-02-02,North,Electronics,13,49.98,649.74,0.0,649.74
2505,2024-02-03,North,Sports,3,221.4,664.2,0.05,630.99
1394,2024-02-04,East,Sports,9,277.59,2498.31,0.0,2498.31
1806,2024-02-05,West,Furniture,6,305.3,1831.8,0.05,1740.21
1313,2024-02-05,North,Groceries,4,369.92,1479.68,0.0,1479.68
2789,2024-02-05,East,Sports,2,315.56,631.12,0.0,631.12
1233,2024-02-05,South,Clothing,8,355.43,2843.44,0.0,2843.44
2425,2024-02-05,South,Clothing,2,266.02,532.04,0.05,505.44
2672,2024-02-05,West,Clothing,12,197.37,2368.44,0.1,2131.6
2332,2024-02-05,East,Electronics,6,416.23,2497.38,0.0,2497.38
1778,2024-02-05,North,Sports,2,238.93,477.86,0.0,477.86
2440,2024-02-06,West,Clothing,2,64.34,128.68,0.1,115.81
1075,2024-02-06,South,Electronics,10,256.9,2569.0,0.0,2569.0
2034,2024-02-06,East,Clothing,1,390.88,390.88,0.0,390.88
1675,2024-02-06,South,Furniture,4,42.19,168.76,0.15,143.45
1219,2024-02-07,East,Electronics,10,366.41,3664.1,0.0,3664.1
1248,2024-02-07,North,Furniture,14,302.3,4232.2,0.15,3597.37
1833,2024-02-07,South,Clothing,11,136.68,1503.48,0.2,1202.78
2881,2024-02-08,East,Furniture,11,425.94,4685.34,0.0,4685.34
1282,2024-02-08,East,Clothing,7,86.02,602.14,0.15,511.82
2133,2024-02-09,North,Sports,1,75.61,75.61,0.0,75.61
1839,2024-02-09,South,Sports,13,345.67,4493.71,0.0,4493.71
1740,2024-02-09,East,Clothing,9,77.77,699.93,0.1,629.94
2358,2024-02-10,West,Electronics,4,199.33,797.32,0.1,717.59
1123,2024-02-11,West,Electronics,12,122.56,1470.72,0.0,1470.72
2131,2024-02-11,East,Clothing,12,101.55,1218.6,0.05,1157.67
1148,2024-02-11,East,Sports,8,226.16,1809.28,0.1,1628.35
1386,2024-02-12,North,Sports,5,310.04,1550.2,0.05,1472.69
1691,2024-02-12,South,Clothing,3,401.76,1205.28,0.15,1024.49
1657,2024-02-13,East,Groceries,6,120.79,724.74,0.1,652.27
1972,2024-02-14,South,Clothing,5,201.9,1009.5,0.0,1009.5
2028,2024-02-14,South,Electronics,14,187.09,2619.26,0.1,2357.33
2842,2024-02-14,East,Clothing,10,356.94,3569.4,0.05,3390.93
2071,2024-02-15,East,Sports,3,382.98,1148.94,0.0,1148.94
2093,2024-02-15,South,Clothing,9,401.8,3616.2,0.0,3616.2
1185,2024-02-15,East,Groceries,5,365.0,1825.0,0.2,1460.0
2658,2024-02-16,East,Furniture,6,190.45,1142.7,0.1,1028.43
1531,2024-02-17,South,Clothing,7,444.82,3113.74,0.0,3113.74
1023,2024-02-18,East,Electronics,4,254.07,1016.28,0.0,1016.28
2471,2024-02-18,East,Groceries,9,149.34,1344.06,0.05,1276.86
2653,2024-02-18,East,Clothing,2,207.65,415.3,0.0,415.3
1261,2024-02-19,South,Groceries,12,134.39,1612.68,0.05,1532.05
1630,2024-02-19,North,Groceries,4,57.52,230.08,0.0,230.08
1681,2024-02-19,North,Furniture,11,421.78,4639.58,0.0,4639.58
2475,2024-02-20,North,Electronics,10,291.92,2919.2,0.0,2919.2
2823,2024-02-20,North,Furniture,10,34.44,344.4,0.0,344.4
1227,2024-02-20,South,Sports,3,42.39,127.17,0.0,127.17
1507,2024-02-21,West,Clothing,9,69.57,626.13,0.1,563.52
2897,2024-02-22,South,Furniture,12,477.43,5729.16,0.0,5729.16
1523,2024-02-22,East,Electronics,3,239.68,719.04,0.0,719.04
2158,2024-02-22,North,Sports,4,367.18,1468.72,0.0,1468.72
2240,2024-02-22,East,Groceries,2,381.5,763.0,0.05,724.85
1111,2024-02-23,North,Groceries,11,160.71,1767.81,0.0,1767.81
2546,2024-02-23,West,Furniture,8,445.21,3561.68,0.1,3205.51
2003,2024-02-23,North,Electronics,1,472.06,472.06,0.0,472.06
2136,2024-02-24,North,Clothing,3,178.15,534.45,0.0,534.45
2891,2024-02-24,North,Furniture,6,375.38,2252.28,0.0,2252.28
2066,2024-02-24,East,Furniture,5,77.99,389.95,0.0,389.95
1290,2024-02-24,North,Sports,7,208.61,1460.27,0.0,1460.27
1533,2024-02-24,South,Furniture,1,75.71,75.71,0.0,75.71
1615,2024-02-26,East,Furniture,5,466.4,2332.0,0.0,2332.0
1291,2024-02-26,North,Furniture,2,76.89,153.78,0.0,153.78
2041,2024-02-26,West,Electronics,13,270.01,3510.13,0.0,3510.13
2617,2024-02-26,South,Electronics,7,280.58,1964.06,0.2,1571.25
1787,2024-02-26,North,Furniture,6,84.02,504.12,0.05,478.91
2936,2024-02-28,South,Clothing,1,22.92,22.92,0.15,19.48
2203,2024-02-28,North,Sports,12,49.31,591.72,0.0,591.72
2783,2024-02-29,East,Electronics,9,72.81,655.29,0.0,655.29
1922,2024-02-29,East,Clothing,1,90.31,90.31,0.15,76.76
2624,2024-03-01,East,Electronics,5,67.13,335.65,0.0,335.65
2465,2024-03-01,West,Sports,6,164.52,987.12,0.05,937.76
1503,2024-03-02,East,Electronics,8,172.92,1383.36,0.05,1314.19
2815,2024-03-03,North,Groceries,8,171.55,1372.4,0.15,1166.54
1062,2024-03-03,North,Sports,8,450.26,3602.08,0.1,3241.87
2494,2024-03-04,South,Sports,6,54.49,326.94,0.0,326.94
2199,2024-03-04,South,Electronics,11,259.02,2849.22,0.0,2849.22
2736,2024-03-05,West,Sports,2,108.72,217.44,0.1,195.7
2697,2024-03-05,North,Electronics,6,241.93,1451.58,0.15,1233.84
2142,2024-03-06,South,Sports,9,389.78,3508.02,0.0,3508.02
1474,2024-03-07,East,Electronics,13,438.5,5700.5,0.2,4560.4
2502,2024-03-07,North,Clothing,4,12.85,51.4,0.0,51.4
1967,2024-03-10,North,Electronics,6,181.41,1088.46,0.05,1034.04
2192,2024-03-10,South,Clothing,10,346.37,3463.7,0.05,3290.52
2390,2024-03-10,West,Sports,14,190.28,2663.92,0.0,2663.92
1792,2024-03-10,North,Groceries,6,411.32,2467.92,0.05,2344.52
1785,2024-03-10,South,Electronics,13,177.64,2309.32,0.05,2193.85
1462,2024-03-10,West,Sports,5,397.38,1986.9,0.0,1986.9
2146,2024-03-11,West,Furniture,5,85.27,426.35,0.1,383.72
1002,2024-03-11,South,Sports,2,395.53,791.06,0.15,672.4
1745,2024-03-12,West,Furniture,13,454.64,5910.32,0.0,5910.32
2628,2024-03-12,North,Clothing,6,332.63,1995.78,0.0,1995.78
1932,2024-03-12,North,Electronics,13,369.45,4802.85,0.0,4802.85
1326,2024-03-13,West,Groceries,5,166.42,832.1,0.0,832.1
1771,2024-03-13,North,Furniture,7,180.02,1260.14,0.05,1197.13
1229,2024-03-14,South,Furniture,12,334.6,4015.2,0.0,4015.2
2512,2024-03-15,North,Clothing,11,321.69,3538.59,0.05,3361.66
2715,2024-03-15,South,Electronics,5,486.12,2430.6,0.0,2430.6
2484,2024-03-15,North,Clothing,2,370.48,740.96,0.0,740.96
2069,2024-03-16,South,Groceries,14,331.64,4642.96,0.2,3714.37
1674,2024-03-16,East,Groceries,1,9.84,9.84,0.15,8.36
1962,2024-03-16,South,Sports,8,141.58,1132.64,0.0,1132.64
2303,2024-03-17,West,Electronics,7,97.04,679.28,0.0,679.28
1201,2024-03-17,South,Clothing,13,209.8,2727.4,0.0,2727.4
1487,2024-03-17,East,Sports,11,145.52,1600.72,0.0,1600.72
2230,2024-03-18,South,Furniture,13,431.1,5604.3,0.05,5324.08
1928,2024-03-18,South,Furniture,14,7.51,105.14,0.05,99.88
2441,2024-03-18,West,Furniture,6,244.34,1466.04,0.2,1172.83
1415,2024-03-19,North,Sports,12,327.67,3932.04,0.05,3735.44
1564,2024-03-20,East,Electronics,11,258.11,2839.21,0.1,2555.29
1631,2024-03-20,South,Sports,7,336.87,2358.09,0.1,2122.28
2873,2024-03-20,South,Electronics,7,475.96,3331.72,0.15,2831.96
1941,2024-03-21,West,Clothing,1,255.3,255.3,0.0,255.3
1760,2024-03-21,North,Furniture,7,451.9,3163.3,0.05,3005.14
1456,2024-03-22,North,Electronics,7,197.09,1379.63,0.15,1172.69
1793,2024-03-22,North,Furniture,6,121.99,731.94,0.0,731.94
2648,2024-03-23,North,Furniture,3,71.94,215.82,0.15,183.45
2058,2024-03-23,East,Groceries,7,373.71,2615.97,0.1,2354.37
1761,2024-03-24,West,Clothing,5,425.96,2129.8,0.0,2129.8
2935,2024-03-24,East,Sports,3,204.37,613.11,0.15,521.14
1718,2024-03-25,South,Sports,13,276.97,3600.61,0.1,3240.55
2372,2024-03-25,West,Furniture,8,317.07,2536.56,0.0,2536.56
2467,2024-03-25,North,Furniture,7,493.23,3452.61,0.0,3452.61
1812,2024-03-25,East,Groceries,6,447.62,2685.72,0.0,2685.72
1639,2024-03-26,South,Groceries,7,419.54,2936.78,0.0,2936.78
2247,2024-03-27,North,Clothing,14,251.13,3515.82,0.0,3515.82
1273,2024-03-28,South,Electronics,3,365.14,1095.42,0.0,1095.42
1470,2024-03-28,East,Clothing,1,263.96,263.96,0.05,250.76
2721,2024-03-28,North,Sports,1,316.13,316.13,0.05,300.32
1334,2024-03-28,North,Furniture,4,485.42,1941.68,0.1,1747.51
2581,2024-03-29,North,Sports,12,252.65,3031.8,0.0,3031.8
1061,2024-03-30,South,Sports,14,173.77,2432.78,0.0,2432.78
1568,2024-03-30,North,Electronics,2,404.36,808.72,0.1,727.85
2330,2024-03-30,North,Clothing,7,101.89,713.23,0.05,677.57
2755,2024-03-30,South,Clothing,2,134.32,268.64,0.1,241.78
2654,2024-03-30,East,Electronics,6,148.49,890.94,0.0,890.94
1184,2024-03-31,South,Furniture,10,326.12,3261.2,0.1,2935.08
1647,2024-03-31,South,Sports,14,303.21,4244.94,0.15,3608.2
1082,2024-03-31,West,Sports,10,47.15,471.5,0.15,400.78
1538,2024-04-01,South,Groceries,12,370.0,4440.0,0.0,4440.0
1755,2024-04-01,West,Clothing,8,484.64,3877.12,0.05,3683.26
2219,2024-04-02,South,Clothing,10,265.94,2659.4,0.2,2127.52
1750,2024-04-02,South,Clothing,8,209.75,1678.0,0.05,1594.1
1013,2024-04-03,South,Furniture,9,391.38,3522.42,0.15,2994.06
2711,2024-04-03,West,Electronics,10,239.05,2390.5,0.0,2390.5
2011,2024-04-03,South,Electronics,13,55.08,716.04,0.0,716.04
2693,2024-04-03,South,Sports,2,206.94,413.88,0.1,372.49
2836,2024-04-03,South,Groceries,9,444.49,4000.41,0.0,4000.41
2687,2024-04-04,North,Sports,2,355.35,710.7,0.1,639.63
2937,2024-04-04,North,Furniture,1,277.81,277.81,0.0,277.81
2117,2024-04-04,South,Clothing,12,107.88,1294.56,0.0,1294.56
1028,2024-04-04,North,Clothing,14,486.18,6806.52,0.0,6806.52
1317,2024-04-04,North,Clothing,6,339.7,2038.2,0.0,2038.2
1141,2024-04-05,North,Electronics,4,350.44,1401.76,0.15,1191.5
1734,2024-04-05,South,Groceries,8,298.53,2388.24,0.2,1910.59
1710,2024-04-05,West,Electronics,4,337.8,1351.2,0.2,1080.96
2127,2024-04-06,North,Furniture,4,44.95,179.8,0.0,179.8
1131,2024-04-06,North,Furniture,7,382.41,2676.87,0.0,2676.87
1083,2024-04-06,North,Electronics,3,154.96,464.88,0.0,464.88
2569,2024-04-07,West,Clothing,6,376.01,2256.06,0.05,2143.26
2793,2024-04-07,North,Furniture,13,369.04,4797.52,0.05,4557.64
1245,2024-04-08,South,Sports,2,51.87,103.74,0.05,98.55
1835,2024-04-10,East,Clothing,7,255.36,1787.52,0.0,1787.52
2414,2024-04-10,East,Sports,10,339.81,3398.1,0.0,3398.1
2652,2024-04-11,North,Clothing,5,441.54,2207.7,0.0,2207.7
2364,2024-04-11,South,Groceries,5,475.94,2379.7,0.15,2022.74
1010,2024-04-11,West,Groceries,8,262.5,2100.0,0.05,1995.0
1954,2024-04-12,South,Sports,10,39.7,397.0,0.0,397.0
1579,2024-04-13,South,Furniture,11,390.28,4293.08,0.0,4293.08
2251,2024-04-13,West,Clothing,14,480.55,6727.7,0.0,6727.7
2176,2024-04-13,North,Electronics,1,421.46,421.46,0.1,379.31
1318,2024-04-14,East,Groceries,2,454.34,908.68,0.0,908.68
1916,2024-04-14,East,Groceries,10,393.22,3932.2,0.15,3342.37
2269,2024-04-15,East,Electronics,4,427.66,1710.64,0.05,1625.11
1687,2024-04-15,East,Groceries,4,379.16,1516.64,0.0,1516.64
1396,2024-04-15,North,Clothing,4,110.08,440.32,0.1,396.29
1196,2024-04-16,North,Furniture,3,293.62,880.86,0.1,792.77
1104,2024-04-16,South,Groceries,6,444.88,2669.28,0.2,2135.42
1297,2024-04-17,West,Clothing,8,22.8,182.4,0.05,173.28
1259,2024-04-17,East,Groceries,12,426.72,5120.64,0.0,5120.64
1172,2024-04-17,North,Groceries,13,31.58,410.54,0.0,410.54
1900,2024-04-18,North,Sports,4,333.73,1334.92,0.1,1201.43
1873,2024-04-18,North,Groceries,4,9.45,37.8,0.1,34.02
1438,2024-04-18,North,Electronics,6,251.28,1507.68,0.0,1507.68
2675,2024-04-18,South,Groceries,12,51.44,617.28,0.05,586.42
1473,2024-04-18,North,Furniture,1,134.21,134.21,0.15,114.08
2157,2024-04-19,East,Sports,4,101.3,405.2,0.0,405.2
1496,2024-04-19,East,Groceries,5,117.47,587.35,0.1,528.62
1033,2024-04-19,East,Clothing,10,334.59,3345.9,0.0,3345.9
2333,2024-04-20,South,Clothing,7,149.75,1048.25,0.0,1048.25
1037,2024-04-20,South,Electronics,2,252.64,505.28,0.0,505.28
2224,2024-04-20,East,Groceries,4,111.98,447.92,0.15,380.73
1646,2024-04-20,North,Sports,3,346.46,1039.38,0.0,1039.38
2184,2024-04-20,South,Sports,4,44.64,178.56,0.05,169.63
1742,2024-04-20,North,Electronics,5,486.82,2434.1,0.05,2312.4
2479,2024-04-21,South,Clothing,9,139.78,1258.02,0.0,1258.02
2436,2024-04-21,South,Groceries,2,181.11,362.22,0.0,362.22
1383,2024-04-21,North,Sports,1,181.34,181.34,0.0,181.34
2200,2024-04-21,East,Furniture,5,250.37,1251.85,0.0,1251.85
1073,2024-04-21,South,Sports,2,272.9,545.8,0.0,545.8
1345,2024-04-21,South,Electronics,13,244.44,3177.72,0.0,3177.72
2391,2024-04-22,North,Groceries,3,119.5,358.5,0.0,358.5
2911,2024-04-22,East,Clothing,3,414.27,1242.81,0.15,1056.39
2064,2024-04-22,South,Electronics,11,67.45,741.95,0.05,704.85
1797,2024-04-25,East,Furniture,9,346.56,3119.04,0.15,2651.18
1333,2024-04-25,South,Electronics,5,313.59,1567.95,0.05,1489.55
2369,2024-04-26,North,Sports,13,115.77,1505.01,0.1,1354.51
2696,2024-04-26,East,Groceries,5,380.7,1903.5,0.0,1903.5
1580,2024-04-28,North,Electronics,9,470.9,4238.1,0.0,4238.1
2665,2024-04-28,East,Electronics,8,375.83,3006.64,0.1,2705.98
2409,2024-04-29,South,Groceries,10,321.08,3210.8,0.1,2889.72
1046,2024-04-29,West,Groceries,1,167.23,167.23,0.0,167.23
1893,2024-04-29,South,Groceries,3,484.03,1452.09,0.1,1306.88
2982,2024-04-29,North,Sports,9,168.5,1516.5,0.0,1516.5
1147,2024-04-29,East,Electronics,10,389.06,3890.6,0.1,3501.54
1762,2024-05-02,East,Electronics,8,210.09,1680.72,0.0,1680.72
1451,2024-05-02,West,Furniture,3,37.46,112.38,0.0,112.38
2702,2024-05-03,West,Clothing,1,48.35,48.35,0.05,45.93
1254,2024-05-03,North,Clothing,4,347.1,1388.4,0.05,1318.98
2419,2024-05-03,South,Furniture,1,189.57,189.57,0.1,170.61
2988,2024-05-04,North,Sports,7,178.61,1250.27,0.0,1250.27
2442,2024-05-04,West,Groceries,10,344.29,3442.9,0.0,3442.9
1114,2024-05-04,West,Clothing,12,355.34,4264.08,0.0,4264.08
1376,2024-05-04,East,Furniture,11,437.53,4812.83,0.0,4812.83
2545,2024-05-04,North,Furniture,3,408.6,1225.8,0.0,1225.8
2366,2024-05-05,North,Clothing,14,354.83,4967.62,0.0,4967.62
2246,2024-05-05,South,Furniture,11,340.1,3741.1,0.0,3741.1
2731,2024-05-06,North,Furniture,3,499.12,1497.36,0.0,1497.36
1601,2024-05-06,East,Groceries,6,413.01,2478.06,0.05,2354.16
1022,2024-05-06,West,Groceries,9,180.69,1626.21,0.0,1626.21
2528,2024-05-07,North,Furniture,10,437.93,4379.3,0.0,4379.3
1529,2024-05-07,East,Sports,11,355.86,3914.46,0.0,3914.46
1095,2024-05-07,North,Groceries,2,15.74,31.48,0.05,29.91
2464,2024-05-07,North,Clothing,14,91.43,1280.02,0.05,1216.02
2300,2024-05-08,East,Furniture,9,130.54,1174.86,0.0,1174.86
2775,2024-05-09,West,Electronics,12,378.12,4537.44,0.05,4310.57
1618,2024-05-10,South,Electronics,10,120.88,1208.8,0.0,1208.8
2400,2024-05-11,South,Groceries,5,386.93,1934.65,0.0,1934.65
1353,2024-05-11,East,Furniture,3,441.3,1323.9,0.05,1257.7
1494,2024-05-11,East,Clothing,7,17.31,121.17,0.0,121.17
2964,2024-05-11,West,Furniture,6,327.18,1963.08,0.0,1963.08
1200,2024-05-11,East,Furniture,2,16.68,33.36,0.0,33.36
2457,2024-05-11,South,Electronics,6,161.72,970.32,0.05,921.8
2386,2024-05-12,South,Clothing,11,425.84,4684.24,0.1,4215.82
2434,2024-05-12,South,Electronics,1,487.3,487.3,0.0,487.3
1517,2024-05-13,North,Furniture,8,22.4,179.2,0.15,152.32
1107,2024-05-13,East,Clothing,13,161.65,2101.45,0.15,1786.23
2277,2024-05-14,North,Furniture,5,359.64,1798.2,0.1,1618.38
2059,2024-05-14,South,Groceries,8,44.43,355.44,0.1,319.9
1621,2024-05-14,South,Clothing,12,66.59,799.08,0.05,759.13
2248,2024-05-14,North,Sports,3,51.53,154.59,0.0,154.59
2168,2024-05-15,North,Electronics,4,135.2,540.8,0.0,540.8
2373,2024-05-15,West,Furniture,2,368.46,736.92,0.2,589.54
1527,2024-05-15,South,Clothing,14,81.73,1144.22,0.2,915.38
2761,2024-05-15,West,Sports,8,304.04,2432.32,0.0,2432.32
1706,2024-05-16,North,Groceries,13,463.87,6030.31,0.1,5427.28
2210,2024-05-16,North,Furniture,5,152.94,764.7,0.1,688.23
2921,2024-05-16,South,Furniture,4,420.25,1681.0,0.0,1681.0
1135,2024-05-17,South,Sports,9,337.65,3038.85,0.0,3038.85
1937,2024-05-17,East,Clothing,8,27.97,223.76,0.0,223.76
2048,2024-05-17,North,Clothing,2,200.5,401.0,0.1,360.9
1122,2024-05-17,West,Groceries,6,436.39,2618.34,0.15,2225.59
1960,2024-05-18,South,Clothing,9,70.36,633.24,0.05,601.58
1309,2024-05-18,South,Groceries,4,317.13,1268.52,0.0,1268.52
2925,2024-05-18,North,Electronics,9,282.77,2544.93,0.0,2544.93
1044,2024-05-19,South,Groceries,7,446.48,3125.36,0.1,2812.82
1653,2024-05-19,West,Sports,5,188.3,941.5,0.0,941.5
1388,2024-05-20,East,Furniture,5,198.21,991.05,0.0,991.05
1170,2024-05-20,North,Clothing,7,292.82,2049.74,0.0,2049.74
2534,2024-05-20,West,Furniture,10,338.73,3387.3,0.0,3387.3
1889,2024-05-20,South,Electronics,2,163.45,326.9,0.0,326.9
1572,2024-05-20,West,Clothing,14,296.13,4145.82,0.1,3731.24
2278,2024-05-20,North,Groceries,13,128.56,1671.28,0.0,1671.28
2723,2024-05-21,South,Clothing,9,52.0,468.0,0.0,468.0
2367,2024-05-21,East,Electronics,2,152.53,305.06,0.05,289.81
1808,2024-05-22,North,Furniture,5,15.42,77.1,0.0,77.1
1655,2024-05-22,South,Sports,3,437.05,1311.15,0.1,1180.04
1887,2024-05-22,South,Furniture,4,26.37,105.48,0.15,89.66
1063,2024-05-23,North,Furniture,8,470.74,3765.92,0.0,3765.92
1204,2024-05-24,West,Electronics,13,108.1,1405.3,0.0,1405.3
1296,2024-05-24,South,Electronics,14,421.35,5898.9,0.15,5014.06
1250,2024-05-25,South,Clothing,7,362.01,2534.07,0.0,2534.07
1623,2024-05-25,West,Clothing,2,148.51,297.02,0.05,282.17
1238,2024-05-25,North,Electronics,2,76.28,152.56,0.05,144.93
2974,2024-05-25,East,Clothing,11,150.88,1659.68,0.0,1659.68
1738,2024-05-25,East,Electronics,7,148.73,1041.11,0.0,1041.11
1986,2024-05-25,South,Clothing,6,379.99,2279.94,0.1,2051.95
1035,2024-05-25,North,Groceries,11,114.43,1258.73,0.05,1195.79
1340,2024-05-26,South,Groceries,2,337.63,675.26,0.1,607.73
1393,2024-05-26,East,Furniture,10,225.95,2259.5,0.0,2259.5
2894,2024-05-26,East,Clothing,9,404.64,3641.76,0.05,3459.67
2348,2024-05-26,South,Electronics,12,131.34,1576.08,0.0,1576.08
1840,2024-05-27,North,Clothing,4,393.58,1574.32,0.05,1495.6
2954,2024-05-27,North,Furniture,14,242.64,3396.96,0.1,3057.26
2015,2024-05-27,South,Groceries,12,222.15,2665.8,0.0,2665.8
1682,2024-05-27,North,Sports,13,244.01,3172.13,0.0,3172.13
1445,2024-05-27,South,Electronics,3,221.82,665.46,0.2,532.37
2264,2024-05-28,West,Sports,4,171.4,685.6,0.1,617.04
2843,2024-05-29,South,Groceries,6,222.33,1333.98,0.15,1133.88
1490,2024-05-30,East,Clothing,4,182.64,730.56,0.0,730.56
1336,2024-05-30,East,Electronics,12,171.51,2058.12,0.15,1749.4
2458,2024-05-30,West,Clothing,6,337.25,2023.5,0.0,2023.5
2882,2024-05-30,East,Sports,8,118.7,949.6,0.0,949.6
2699,2024-05-30,West,Electronics,10,158.23,1582.3,0.2,1265.84
1939,2024-05-30,East,Furniture,14,314.92,4408.88,0.0,4408.88
2077,2024-05-31,South,Furniture,12,266.11,3193.32,0.15,2714.32
2536,2024-05-31,East,Sports,11,403.9,4442.9,0.05,4220.75
1612,2024-05-31,South,Groceries,9,300.82,2707.38,0.0,2707.38
1741,2024-06-01,North,Groceries,9,356.89,3212.01,0.2,2569.61
1348,2024-06-01,North,Furniture,14,17.82,249.48,0.2,199.58
1924,2024-06-01,East,Groceries,1,456.24,456.24,0.05,433.43
2431,2024-06-02,North,Electronics,1,68.73,68.73,0.05,65.29
1604,2024-06-02,East,Clothing,13,54.38,706.94,0.05,671.59
2909,2024-06-03,East,Sports,10,371.45,3714.5,0.05,3528.77
1821,2024-06-03,West,Groceries,2,310.36,620.72,0.0,620.72
2740,2024-06-03,East,Furniture,1,495.99,495.99,0.0,495.99
2758,2024-06-04,West,Furniture,4,68.62,274.48,0.0,274.48
1100,2024-06-04,South,Clothing,9,11.69,105.21,0.2,84.17
2292,2024-06-04,East,Sports,14,476.57,6671.98,0.0,6671.98
2541,2024-06-04,North,Sports,8,11.8,94.4,0.05,89.68
2568,2024-06-04,North,Electronics,11,118.75,1306.25,0.05,1240.94
1482,2024-06-05,West,Furniture,10,107.86,1078.6,0.05,1024.67
2076,2024-06-05,West,Electronics,6,441.1,2646.6,0.1,2381.94
2266,2024-06-06,East,Furniture,14,14.92,208.88,0.0,208.88
2729,2024-06-07,North,Electronics,4,61.0,244.0,0.1,219.6
1843,2024-06-07,East,Sports,11,226.55,2492.05,0.15,2118.24
2393,2024-06-07,North,Groceries,10,155.76,1557.6,0.15,1323.96
2671,2024-06-07,East,Groceries,4,116.02,464.08,0.1,417.67
2636,2024-06-07,North,Electronics,9,70.21,631.89,0.1,568.7
2849,2024-06-07,East,Electronics,11,182.39,2006.29,0.0,2006.29
1550,2024-06-08,North,Furniture,13,92.89,1207.57,0.0,1207.57
1904,2024-06-08,North,Groceries,2,109.96,219.92,0.1,197.93
2639,2024-06-08,East,Sports,1,118.09,118.09,0.1,106.28
1387,2024-06-08,East,Furniture,14,244.02,3416.28,0.05,3245.47
1154,2024-06-08,West,Furniture,5,425.0,2125.0,0.1,1912.5
1872,2024-06-09,South,Sports,13,287.69,3739.97,0.15,3178.97
1679,2024-06-09,West,Sports,10,468.65,4686.5,0.0,4686.5
2914,2024-06-09,South,Sports,12,494.72,5936.64,0.2,4749.31
2291,2024-06-09,East,Sports,13,434.2,5644.6,0.0,5644.6
2445,2024-06-09,South,Furniture,11,445.78,4903.58,0.2,3922.86
2038,2024-06-09,South,Clothing,4,413.6,1654.4,0.0,1654.4
1880,2024-06-09,South,Clothing,1,264.46,264.46,0.15,224.79
2726,2024-06-10,West,Furniture,10,488.82,4888.2,0.15,4154.97
2456,2024-06-10,South,Electronics,14,153.01,2142.14,0.0,2142.14
2752,2024-06-10,South,Clothing,3,125.81,377.43,0.1,339.69
2160,2024-06-12,West,Furniture,5,428.54,2142.7,0.1,1928.43
2906,2024-06-13,West,Groceries,7,13.94,97.58,0.0,97.58
1636,2024-06-14,North,Clothing,11,373.89,4112.79,0.0,4112.79
1673,2024-06-15,East,Electronics,8,19.75,158.0,0.1,142.2
2885,2024-06-15,East,Furniture,5,119.02,595.1,0.0,595.1
1976,2024-06-15,South,Groceries,10,160.83,1608.3,0.0,1608.3
2272,2024-06-15,North,Groceries,12,8.96,107.52,0.0,107.52
1838,2024-06-17,North,Groceries,7,43.77,306.39,0.05,291.07
2623,2024-06-18,North,Furniture,13,205.58,2672.54,0.0,2672.54
2749,2024-06-19,East,Clothing,3,457.31,1371.93,0.0,1371.93
2413,2024-06-20,West,Electronics,1,98.8,98.8,0.0,98.8
2850,2024-06-20,South,Electronics,11,95.68,1052.48,0.0,1052.48
2571,2024-06-20,East,Furniture,12,376.05,4512.6,0.0,4512.6
1902,2024-06-20,East,Groceries,3,484.87,1454.61,0.0,1454.61
2152,2024-06-20,South,Sports,4,354.47,1417.88,0.1,1276.09
1385,2024-06-21,West,Groceries,14,349.08,4887.12,0.1,4398.41
2695,2024-06-21,East,Sports,1,391.94,391.94,0.0,391.94
2420,2024-06-21,East,Clothing,11,77.06,847.66,0.0,847.66
2733,2024-06-22,South,Clothing,7,28.92,202.44,0.05,192.32
2712,2024-06-22,East,Groceries,2,323.57,647.14,0.15,550.07
1703,2024-06-23,South,Furniture,4,452.15,1808.6,0.0,1808.6
1152,2024-06-24,East,Groceries,3,159.04,477.12,0.05,453.26
2563,2024-06-24,South,Electronics,9,172.68,1554.12,0.0,1554.12
1799,2024-06-25,North,Groceries,1,176.32,176.32,0.05,167.5
1947,2024-06-26,East,Furniture,7,411.13,2877.91,0.05,2734.01
2778,2024-06-27,South,Furniture,5,243.99,1219.95,0.05,1158.95
1501,2024-06-28,East,Sports,7,126.05,882.35,0.05,838.23
2470,2024-06-29,North,Clothing,2,263.75,527.5,0.05,501.12
1846,2024-06-29,East,Electronics,13,236.54,3075.02,0.1,2767.52
1810,2024-06-29,East,Groceries,2,451.76,903.52,0.05,858.34
1129,2024-06-30,West,Furniture,8,67.22,537.76,0.0,537.76
2014,2024-06-30,South,Clothing,11,486.83,5355.13,0.05,5087.37
1712,2024-06-30,East,Groceries,1,53.94,53.94,0.1,48.55
1337,2024-06-30,South,Groceries,5,261.92,1309.6,0.05,1244.12
1542,2024-07-01,North,Sports,11,499.88,5498.68,0.15,4673.88
2260,2024-07-01,South,Electronics,9,418.04,3762.36,0.1,3386.12
1950,2024-07-01,West,Clothing,2,162.63,325.26,0.0,325.26
2362,2024-07-01,East,Electronics,12,367.91,4414.92,0.0,4414.92
2866,2024-07-02,East,Groceries,2,39.24,78.48,0.0,78.48
2068,2024-07-03,West,Sports,13,40.51,526.63,0.1,473.97
2102,2024-07-03,North,Furniture,3,204.18,612.54,0.0,612.54
2002,2024-07-03,West,Furniture,5,213.06,1065.3,0.0,1065.3
1984,2024-07-03,South,Electronics,10,60.96,609.6,0.0,609.6
1767,2024-07-04,West,Groceries,3,425.67,1277.01,0.0,1277.01
2630,2024-07-04,North,Groceries,2,453.4,906.8,0.1,816.12
1476,2024-07-04,West,Furniture,3,13.73,41.19,0.15,35.01
1256,2024-07-04,West,Electronics,9,474.36,4269.24,0.05,4055.78
2907,2024-07-05,East,Groceries,9,243.95,2195.55,0.05,2085.77
2293,2024-07-05,South,Groceries,9,205.41,1848.69,0.05,1756.26
2788,2024-07-06,East,Clothing,9,480.75,4326.75,0.1,3894.08
2919,2024-07-06,North,Clothing,13,58.39,759.07,0.0,759.07
2824,2024-07-06,South,Groceries,8,307.4,2459.2,0.05,2336.24
1921,2024-07-07,West,Sports,5,241.96,1209.8,0.05,1149.31
1140,2024-07-07,East,Electronics,10,210.0,2100.0,0.1,1890.0
2057,2024-07-07,West,Groceries,4,166.75,667.0,0.0,667.0
1166,2024-07-09,North,Groceries,13,305.16,3967.08,0.05,3768.73
1661,2024-07-09,West,Clothing,3,156.67,470.01,0.0,470.01
1077,2024-07-09,South,Groceries,1,195.05,195.05,0.1,175.54
1510,2024-07-09,North,Furniture,12,354.15,4249.8,0.0,4249.8
2966,2024-07-09,West,Sports,2,123.95,247.9,0.0,247.9
2610,2024-07-10,North,Groceries,9,314.06,2826.54,0.0,2826.54
2621,2024-07-10,South,Sports,5,221.25,1106.25,0.0,1106.25
1161,2024-07-10,West,Sports,13,254.24,3305.12,0.15,2809.35
1711,2024-07-11,South,Furniture,8,267.94,2143.52,0.05,2036.34
2751,2024-07-11,North,Electronics,6,499.87,2999.22,0.1,2699.3
2336,2024-07-11,South,Furniture,3,211.86,635.58,0.1,572.02
1979,2024-07-12,South,Furniture,9,238.33,2144.97,0.2,1715.98
1449,2024-07-13,East,Electronics,9,262.98,2366.82,0.0,2366.82
1032,2024-07-14,North,Furniture,10,198.39,1983.9,0.0,1983.9
2188,2024-07-14,West,Clothing,1,370.77,370.77,0.0,370.77
2887,2024-07-15,North,Electronics,7,71.57,500.99,0.2,400.79
1067,2024-07-15,South,Groceries,5,418.59,2092.95,0.15,1779.01
2744,2024-07-15,North,Electronics,9,89.84,808.56,0.15,687.28
1041,2024-07-16,East,Furniture,14,10.22,143.08,0.0,143.08
1801,2024-07-16,North,Electronics,8,55.13,441.04,0.0,441.04
1325,2024-07-16,West,Groceries,7,62.18,435.26,0.0,435.26
2521,2024-07-17,East,Electronics,13,355.23,4617.99,0.05,4387.09
1571,2024-07-17,North,Sports,6,159.79,958.74,0.0,958.74
1202,2024-07-17,East,Clothing,7,153.13,1071.91,0.0,1071.91
1145,2024-07-17,North,Sports,14,10.01,140.14,0.1,126.13
1057,2024-07-18,East,Groceries,13,233.71,3038.23,0.0,3038.23
1747,2024-07-18,East,Furniture,10,236.73,2367.3,0.1,2130.57
1581,2024-07-18,North,Clothing,11,431.63,4747.93,0.0,4747.93
1367,2024-07-19,North,Furniture,10,320.23,3202.3,0.0,3202.3
1684,2024-07-19,East,Sports,5,257.79,1288.95,0.0,1288.95
1071,2024-07-19,South,Clothing,1,305.36,305.36,0.0,305.36
1216,2024-07-19,North,Sports,8,171.49,1371.92,0.15,1166.13
1042,2024-07-20,West,Clothing,7,50.26,351.82,0.0,351.82
2139,2024-07-20,West,Sports,4,65.85,263.4,0.05,250.23
2855,2024-07-20,North,Groceries,7,219.56,1536.92,0.0,1536.92
2595,2024-07-21,South,Electronics,3,229.66,688.98,0.2,551.18
1584,2024-07-22,South,Furniture,8,169.81,1358.48,0.2,1086.78
2399,2024-07-22,North,Furniture,3,424.58,1273.74,0.1,1146.37
2725,2024-07-23,East,Sports,1,165.45,165.45,0.2,132.36
1368,2024-07-23,North,Furniture,9,487.51,4387.59,0.2,3510.07
2694,2024-07-23,East,Electronics,4,165.65,662.6,0.0,662.6
1409,2024-07-23,North,Electronics,14,333.08,4663.12,0.2,3730.5
2522,2024-07-24,East,Sports,8,234.03,1872.24,0.0,1872.24
2607,2024-07-24,West,Furniture,12,232.45,2789.4,0.0,2789.4
2606,2024-07-24,South,Clothing,12,243.19,2918.28,0.0,2918.28
2418,2024-07-24,East,Clothing,12,342.12,4105.44,0.05,3900.17
2018,2024-07-25,North,Groceries,7,131.32,919.24,0.0,919.24
2659,2024-07-25,North,Sports,3,95.55,286.65,0.05,272.32
1268,2024-07-25,West,Clothing,10,326.73,3267.3,0.1,2940.57
1419,2024-07-25,East,Sports,1,146.49,146.49,0.1,131.84
1859,2024-07-26,North,Electronics,10,172.22,1722.2,0.1,1549.98
2544,2024-07-26,South,Sports,6,225.66,1353.96,0.05,1286.26
1124,2024-07-27,North,Groceries,2,489.57,979.14,0.0,979.14
1162,2024-07-27,North,Furniture,5,34.75,173.75,0.0,173.75
1961,2024-07-27,North,Clothing,11,379.34,4172.74,0.0,4172.74
2029,2024-07-27,South,Furniture,2,75.7,151.4,0.0,151.4
1143,2024-07-28,West,Electronics,9,499.67,4497.03,0.0,4497.03
2150,2024-07-28,North,Sports,11,92.16,1013.76,0.05,963.07
1404,2024-07-28,West,Clothing,1,47.94,47.94,0.0,47.94
2043,2024-07-28,East,Groceries,6,164.61,987.66,0.1,888.89
2525,2024-07-28,East,Groceries,4,480.0,1920.0,0.1,1728.0
2337,2024-07-29,North,Clothing,10,375.46,3754.6,0.0,3754.6
2956,2024-07-29,North,Electronics,14,362.38,5073.32,0.0,5073.32
2491,2024-07-30,East,Electronics,10,449.29,4492.9,0.0,4492.9
1506,2024-07-30,North,Electronics,6,113.05,678.3,0.1,610.47
1159,2024-07-31,East,Furniture,12,401.4,4816.8,0.05,4575.96
2895,2024-07-31,East,Clothing,3,382.68,1148.04,0.0,1148.04
1783,2024-07-31,West,Clothing,7,428.04,2996.28,0.0,2996.28
2235,2024-08-01,North,Clothing,8,228.1,1824.8,0.1,1642.32
2054,2024-08-01,South,Groceries,12,166.26,1995.12,0.1,1795.61
1907,2024-08-02,South,Electronics,13,83.43,1084.59,0.0,1084.59
2556,2024-08-02,North,Electronics,6,468.44,2810.64,0.05,2670.11
1306,2024-08-02,South,Clothing,9,20.08,180.72,0.15,153.61
1457,2024-08-03,North,Electronics,4,399.0,1596.0,0.15,1356.6
2006,2024-08-03,South,Furniture,9,40.27,362.43,0.0,362.43
1936,2024-08-04,North,Groceries,10,287.96,2879.6,0.0,2879.6
2765,2024-08-06,South,Electronics,10,133.31,1333.1,0.1,1199.79
2734,2024-08-06,North,Electronics,8,283.81,2270.48,0.0,2270.48
2523,2024-08-06,South,Electronics,3,404.22,1212.66,0.0,1212.66
2504,2024-08-07,East,Sports,5,166.71,833.55,0.0,833.55
2655,2024-08-08,East,Groceries,7,12.18,85.26,0.05,81.0
1288,2024-08-09,West,Sports,4,224.63,898.52,0.0,898.52
1598,2024-08-10,North,Electronics,2,395.26,790.52,0.1,711.47
2319,2024-08-10,East,Electronics,5,363.08,1815.4,0.0,1815.4
2013,2024-08-10,West,Furniture,1,276.57,276.57,0.05,262.74
2790,2024-08-10,South,Sports,9,133.48,1201.32,0.1,1081.19
2804,2024-08-11,South,Electronics,13,338.06,4394.78,0.1,3955.3
2635,2024-08-11,North,Clothing,6,366.35,2198.1,0.0,2198.1
2206,2024-08-12,West,Electronics,14,260.49,3646.86,0.0,3646.86
2741,2024-08-13,North,Groceries,7,395.93,2771.51,0.15,2355.78
2403,2024-08-14,North,Furniture,7,303.24,2122.68,0.15,1804.28
2794,2024-08-14,North,Sports,6,155.23,931.38,0.1,838.24
2947,2024-08-14,North,Clothing,13,57.27,744.51,0.0,744.51
1108,2024-08-15,North,Groceries,3,174.38,523.14,0.15,444.67
2585,2024-08-15,South,Clothing,8,477.55,3820.4,0.05,3629.38
2281,2024-08-15,South,Electronics,1,479.13,479.13,0.0,479.13
2437,2024-08-16,East,Clothing,1,110.38,110.38,0.05,104.86
1715,2024-08-16,West,Clothing,9,90.22,811.98,0.1,730.78
2863,2024-08-16,South,Sports,11,124.23,1366.53,0.1,1229.88
1920,2024-08-17,East,Sports,6,39.55,237.3,0.05,225.44
1555,2024-08-18,North,Clothing,14,302.9,4240.6,0.1,3816.54
1997,2024-08-18,West,Clothing,13,457.97,5953.61,0.05,5655.93
2075,2024-08-20,North,Furniture,8,56.76,454.08,0.1,408.67
2320,2024-08-21,South,Groceries,10,140.65,1406.5,0.2,1125.2
2912,2024-08-21,East,Groceries,6,299.5,1797.0,0.2,1437.6
1450,2024-08-23,East,Furniture,8,79.14,633.12,0.15,538.15
2031,2024-08-23,West,Sports,9,86.47,778.23,0.0,778.23
1052,2024-08-23,South,Furniture,2,495.42,990.84,0.0,990.84
2580,2024-08-24,South,Groceries,3,426.95,1280.85,0.05,1216.81
2153,2024-08-24,South,Sports,5,120.93,604.65,0.0,604.65
1522,2024-08-24,East,Clothing,9,429.59,3866.31,0.05,3672.99
2716,2024-08-26,West,Sports,14,23.59,330.26,0.05,313.75
1435,2024-08-26,West,Sports,8,302.98,2423.84,0.0,2423.84
2123,2024-08-26,West,Furniture,2,290.2,580.4,0.0,580.4
1836,2024-08-26,East,Clothing,12,13.9,166.8,0.0,166.8
2238,2024-08-26,East,Groceries,13,387.18,5033.34,0.0,5033.34
2948,2024-08-27,North,Electronics,2,354.74,709.48,0.05,674.01
1521,2024-08-27,North,Clothing,10,277.09,2770.9,0.0,2770.9
2738,2024-08-27,East,Furniture,14,452.67,6337.38,0.0,6337.38
2004,2024-08-28,West,Furniture,9,451.75,4065.75,0.05,3862.46
1959,2024-08-28,East,Groceries,14,313.98,4395.72,0.0,4395.72
2776,2024-08-29,West,Sports,3,226.37,679.11,0.0,679.11
1943,2024-08-29,South,Clothing,3,156.57,469.71,0.1,422.74
1356,2024-08-29,East,Sports,7,204.67,1432.69,0.05,1361.06
1514,2024-08-29,East,Groceries,9,443.99,3995.91,0.05,3796.11
2889,2024-08-30,East,Electronics,2,457.16,914.32,0.0,914.32
1488,2024-08-30,South,Groceries,2,243.73,487.46,0.0,487.46
2476,2024-08-30,West,Sports,5,279.98,1399.9,0.15,1189.92
1195,2024-08-30,East,Sports,8,399.16,3193.28,0.1,2873.95
2237,2024-08-31,East,Clothing,13,478.04,6214.52,0.2,4971.62
1240,2024-08-31,South,Electronics,5,313.08,1565.4,0.2,1252.32
1331,2024-08-31,West,Clothing,7,35.37,247.59,0.2,198.07
2306,2024-09-01,West,Clothing,7,480.99,3366.93,0.0,3366.93
1236,2024-09-01,North,Sports,7,330.12,2310.84,0.05,2195.3
2328,2024-09-01,East,Furniture,5,248.72,1243.6,0.0,1243.6
2558,2024-09-01,East,Sports,2,491.38,982.76,0.0,982.76
1735,2024-09-01,West,Furniture,5,271.15,1355.75,0.0,1355.75
1263,2024-09-02,North,Electronics,5,364.52,1822.6,0.0,1822.6
1562,2024-09-03,East,Groceries,12,135.83,1629.96,0.05,1548.46
1477,2024-09-03,South,Furniture,3,260.92,782.76,0.0,782.76
1416,2024-09-04,North,Sports,10,390.84,3908.4,0.2,3126.72
1504,2024-09-04,East,Clothing,13,251.61,3270.93,0.05,3107.38
1208,2024-09-04,West,Groceries,10,158.95,1589.5,0.2,1271.6
2000,2024-09-04,East,Sports,6,222.11,1332.66,0.1,1199.39
2132,2024-09-04,North,Furniture,13,480.48,6246.24,0.05,5933.93
1130,2024-09-04,South,Groceries,12,210.14,2521.68,0.0,2521.68
1923,2024-09-04,West,Clothing,6,377.41,2264.46,0.0,2264.46
2395,2024-09-04,West,Furniture,7,394.33,2760.31,0.1,2484.28
2443,2024-09-06,South,Groceries,8,390.61,3124.88,0.05,2968.64
1008,2024-09-06,North,Clothing,8,56.89,455.12,0.0,455.12
2112,2024-09-07,West,Groceries,7,163.76,1146.32,0.0,1146.32
2115,2024-09-07,South,Electronics,7,305.81,2140.67,0.0,2140.67
2037,2024-09-07,North,Groceries,10,349.23,3492.3,0.0,3492.3
2049,2024-09-07,East,Groceries,10,130.75,1307.5,0.1,1176.75
2381,2024-09-07,East,Electronics,5,413.19,2065.95,0.0,2065.95
1525,2024-09-08,West,Furniture,2,10.45,20.9,0.1,18.81
2560,2024-09-08,North,Clothing,6,395.03,2370.18,0.0,2370.18
2890,2024-09-08,South,Groceries,14,207.57,2905.98,0.0,2905.98
2448,2024-09-11,East,Sports,12,404.93,4859.16,0.15,4130.29
2970,2024-09-11,North,Groceries,8,103.03,824.24,0.05,783.03
1420,2024-09-11,North,Sports,7,40.2,281.4,0.0,281.4
1165,2024-09-11,East,Groceries,5,100.38,501.9,0.05,476.8
2135,2024-09-13,North,Clothing,8,415.7,3325.6,0.15,2826.76
2356,2024-09-14,West,Groceries,2,178.04,356.08,0.0,356.08
2061,2024-09-14,North,Furniture,1,226.74,226.74,0.2,181.39
1918,2024-09-14,East,Groceries,12,45.8,549.6,0.15,467.16
1885,2024-09-14,North,Clothing,2,379.22,758.44,0.0,758.44
2923,2024-09-14,South,Sports,14,262.49,3674.86,0.0,3674.86
2114,2024-09-14,North,Electronics,11,120.12,1321.32,0.05,1255.25
1779,2024-09-15,West,Sports,2,439.32,878.64,0.1,790.78
1938,2024-09-15,South,Furniture,5,313.86,1569.3,0.05,1490.83
2258,2024-09-15,South,Electronics,4,280.93,1123.72,0.0,1123.72
1267,2024-09-15,North,Groceries,7,275.8,1930.6,0.15,1641.01
1864,2024-09-16,North,Groceries,13,11.64,151.32,0.0,151.32
1209,2024-09-16,West,Electronics,6,443.53,2661.18,0.15,2262.0
1289,2024-09-16,North,Sports,7,446.2,3123.4,0.0,3123.4
1528,2024-09-17,East,Furniture,8,333.9,2671.2,0.0,2671.2
1371,2024-09-17,East,Groceries,5,191.23,956.15,0.05,908.34
2095,2024-09-18,North,Furniture,11,150.0,1650.0,0.0,1650.0
1287,2024-09-19,East,Furniture,9,197.39,1776.51,0.15,1510.03
1180,2024-09-19,West,Clothing,10,495.96,4959.6,0.1,4463.64
2430,2024-09-20,West,Groceries,7,56.74,397.18,0.15,337.6
2321,2024-09-20,East,Electronics,10,423.75,4237.5,0.0,4237.5
2945,2024-09-21,East,Electronics,4,102.4,409.6,0.0,409.6
2182,2024-09-21,North,Electronics,5,177.56,887.8,0.0,887.8
1892,2024-09-22,East,Sports,3,141.34,424.02,0.05,402.82
2858,2024-09-22,West,Furniture,11,80.8,888.8,0.0,888.8
2965,2024-09-23,West,Furniture,11,103.45,1137.95,0.0,1137.95
2284,2024-09-23,North,Electronics,14,430.08,6021.12,0.0,6021.12
1179,2024-09-24,South,Sports,5,256.64,1283.2,0.05,1219.04
1444,2024-09-25,East,Groceries,13,103.01,1339.13,0.1,1205.22
1831,2024-09-25,East,Groceries,13,81.07,1053.91,0.1,948.52
2335,2024-09-25,West,Electronics,13,387.03,5031.39,0.0,5031.39
1592,2024-09-25,West,Sports,4,78.29,313.16,0.0,313.16
1610,2024-09-25,West,Electronics,1,270.06,270.06,0.1,243.05
2818,2024-09-26,West,Furniture,10,373.85,3738.5,0.0,3738.5
2562,2024-09-26,East,Sports,5,325.78,1628.9,0.0,1628.9
2078,2024-09-26,West,Sports,13,413.29,5372.77,0.1,4835.49
1429,2024-09-27,East,Groceries,4,230.92,923.68,0.05,877.5
2040,2024-09-28,North,Clothing,6,242.65,1455.9,0.0,1455.9
2902,2024-09-28,North,Sports,14,315.2,4412.8,0.05,4192.16
1643,2024-09-29,West,Sports,6,428.26,2569.56,0.0,2569.56
1220,2024-09-29,North,Groceries,11,196.69,2163.59,0.05,2055.41
1447,2024-09-29,South,Electronics,5,217.31,1086.55,0.0,1086.55
1374,2024-09-30,South,Furniture,10,332.75,3327.5,0.0,3327.5
1869,2024-09-30,South,Electronics,14,33.85,473.9,0.1,426.51
1314,2024-10-01,South,Groceries,3,315.52,946.56,0.0,946.56
1169,2024-10-01,West,Electronics,11,360.46,3965.06,0.0,3965.06
2161,2024-10-01,West,Electronics,2,259.76,519.52,0.0,519.52
1255,2024-10-01,West,Groceries,13,442.18,5748.34,0.1,5173.51
2378,2024-10-02,South,Sports,8,247.17,1977.36,0.0,1977.36
1258,2024-10-02,East,Furniture,2,352.65,705.3,0.2,564.24
1442,2024-10-02,South,Groceries,1,446.66,446.66,0.0,446.66
2973,2024-10-03,South,Furniture,8,434.81,3478.48,0.0,3478.48
1996,2024-10-03,North,Electronics,8,45.96,367.68,0.15,312.53
1214,2024-10-03,North,Groceries,8,444.28,3554.24,0.0,3554.24
1132,2024-10-04,East,Furniture,8,450.65,3605.2,0.05,3424.94
2218,2024-10-04,South,Clothing,13,279.38,3631.94,0.0,3631.94
2870,2024-10-04,South,Clothing,6,366.56,2199.36,0.05,2089.39
2904,2024-10-04,West,Groceries,12,67.09,805.08,0.05,764.83
2215,2024-10-05,South,Sports,11,98.07,1078.77,0.05,1024.83
1841,2024-10-06,South,Groceries,8,398.67,3189.36,0.0,3189.36
1744,2024-10-06,North,Sports,12,125.26,1503.12,0.0,1503.12
1970,2024-10-06,South,Groceries,3,328.04,984.12,0.05,934.91
2325,2024-10-07,North,Clothing,11,418.79,4606.69,0.0,4606.69
2691,2024-10-07,North,Furniture,12,202.56,2430.72,0.0,2430.72
1163,2024-10-07,North,Sports,7,458.39,3208.73,0.0,3208.73
2053,2024-10-07,North,Electronics,2,393.91,787.82,0.0,787.82
1957,2024-10-07,East,Groceries,11,222.06,2442.66,0.0,2442.66
1047,2024-10-08,East,Furniture,5,62.22,311.1,0.0,311.1
1617,2024-10-09,East,Clothing,2,375.11,750.22,0.1,675.2
1103,2024-10-09,North,Furniture,14,425.06,5950.84,0.05,5653.3
2086,2024-10-09,North,Clothing,12,36.81,441.72,0.05,419.63
1699,2024-10-09,South,Sports,12,181.35,2176.2,0.15,1849.77
2564,2024-10-10,North,Sports,1,237.64,237.64,0.1,213.88
1186,2024-10-10,West,Groceries,1,318.71,318.71,0.1,286.84
1992,2024-10-11,East,Clothing,6,136.22,817.32,0.05,776.45
1272,2024-10-13,South,Groceries,8,376.06,3008.48,0.0,3008.48
1606,2024-10-14,North,Clothing,7,334.93,2344.51,0.0,2344.51
1641,2024-10-14,South,Clothing,6,256.22,1537.32,0.2,1229.86
1395,2024-10-15,South,Electronics,14,472.51,6615.14,0.1,5953.63
1982,2024-10-15,South,Electronics,14,131.11,1835.54,0.2,1468.43
1150,2024-10-16,North,Furniture,8,477.74,3821.92,0.15,3248.63
2417,2024-10-16,North,Furniture,13,176.91,2299.83,0.0,2299.83
1461,2024-10-17,South,Electronics,2,200.3,400.6,0.05,380.57
1686,2024-10-17,South,Groceries,6,418.28,2509.68,0.1,2258.71
1426,2024-10-17,East,Clothing,14,465.25,6513.5,0.05,6187.82
1433,2024-10-18,South,Clothing,12,340.45,4085.4,0.0,4085.4
2737,2024-10-18,North,Groceries,7,76.83,537.81,0.0,537.81
1622,2024-10-18,North,Sports,7,481.29,3369.03,0.1,3032.13
1597,2024-10-19,West,Furniture,12,270.03,3240.36,0.05,3078.34
1672,2024-10-20,North,Groceries,7,353.57,2474.99,0.0,2474.99
1432,2024-10-20,North,Sports,9,206.5,1858.5,0.15,1579.72
1486,2024-10-20,West,Electronics,1,145.36,145.36,0.0,145.36
1279,2024-10-20,East,Electronics,1,137.91,137.91,0.0,137.91
1335,2024-10-20,South,Furniture,7,281.68,1971.76,0.0,1971.76
2720,2024-10-20,East,Electronics,5,57.37,286.85,0.05,272.51
1645,2024-10-21,West,Groceries,10,196.12,1961.2,0.0,1961.2
2798,2024-10-21,North,Groceries,7,205.3,1437.1,0.15,1221.53
2099,2024-10-21,West,Electronics,4,132.06,528.24,0.1,475.42
2524,2024-10-21,West,Furniture,6,93.92,563.52,0.0,563.52
1247,2024-10-21,South,Sports,3,252.09,756.27,0.15,642.83
2141,2024-10-22,West,Groceries,7,339.39,2375.73,0.0,2375.73
2406,2024-10-22,West,Electronics,12,421.1,5053.2,0.0,5053.2
2865,2024-10-23,North,Clothing,12,359.14,4309.68,0.0,4309.68
1019,2024-10-23,East,Sports,2,92.34,184.68,0.05,175.45
1933,2024-10-23,South,Groceries,10,388.25,3882.5,0.15,3300.12
2173,2024-10-23,South,Electronics,6,343.52,2061.12,0.0,2061.12
1373,2024-10-24,North,Electronics,10,254.01,2540.1,0.0,2540.1
1545,2024-10-24,West,Groceries,12,261.57,3138.84,0.0,3138.84
1817,2024-10-24,West,Sports,10,351.73,3517.3,0.0,3517.3
1017,2024-10-25,West,Sports,1,192.75,192.75,0.0,192.75
1944,2024-10-25,East,Clothing,4,329.54,1318.16,0.0,1318.16
1192,2024-10-25,East,Clothing,4,459.78,1839.12,0.1,1655.21
1544,2024-10-25,North,Sports,13,61.52,799.76,0.1,719.78
1497,2024-10-25,South,Groceries,6,206.17,1237.02,0.05,1175.17
2164,2024-10-25,North,Groceries,2,261.99,523.98,0.05,497.78
2357,2024-10-25,North,Sports,5,149.87,749.35,0.05,711.88
2045,2024-10-26,West,Sports,10,417.44,4174.4,0.1,3756.96
2501,2024-10-26,East,Groceries,9,242.36,2181.24,0.15,1854.05
1402,2024-10-26,East,Groceries,4,392.06,1568.24,0.0,1568.24
2806,2024-10-27,North,Groceries,13,202.42,2631.46,0.0,2631.46
2149,2024-10-27,East,Clothing,8,341.0,2728.0,0.05,2591.6
2302,2024-10-27,North,Clothing,13,282.93,3678.09,0.05,3494.19
2174,2024-10-27,North,Groceries,10,253.41,2534.1,0.0,2534.1
1879,2024-10-27,South,Clothing,11,297.11,3268.21,0.05,3104.8
1827,2024-10-28,South,Electronics,2,229.84,459.68,0.0,459.68
2616,2024-10-28,South,Groceries,2,359.06,718.12,0.0,718.12
2641,2024-10-28,East,Groceries,3,21.49,64.47,0.05,61.25
1692,2024-10-29,West,Groceries,4,267.05,1068.2,0.05,1014.79
2062,2024-10-30,East,Sports,1,225.59,225.59,0.0,225.59
2629,2024-10-31,West,Clothing,4,107.7,430.8,0.0,430.8
1321,2024-10-31,North,Groceries,7,44.61,312.27,0.0,312.27
2497,2024-10-31,West,Electronics,3,348.94,1046.82,0.15,889.8
1431,2024-10-31,East,Furniture,6,131.66,789.96,0.05,750.46
2196,2024-10-31,North,Groceries,3,237.17,711.51,0.0,711.51
1663,2024-11-02,South,Groceries,12,135.67,1628.04,0.05,1546.64
1225,2024-11-02,West,Electronics,3,129.81,389.43,0.0,389.43
2626,2024-11-02,East,Groceries,4,22.7,90.8,0.05,86.26
2792,2024-11-02,North,Sports,5,354.13,1770.65,0.0,1770.65
1829,2024-11-02,South,Sports,2,458.9,917.8,0.0,917.8
1194,2024-11-02,North,Clothing,12,276.65,3319.8,0.0,3319.8
2254,2024-11-03,South,Groceries,13,423.55,5506.15,0.05,5230.84
1286,2024-11-03,North,Electronics,11,122.91,1352.01,0.15,1149.21
2799,2024-11-03,North,Sports,1,35.91,35.91,0.0,35.91
1988,2024-11-03,North,Groceries,4,443.87,1775.48,0.0,1775.48
1770,2024-11-04,West,Sports,13,192.61,2503.93,0.05,2378.73
1110,2024-11-05,East,Furniture,8,283.16,2265.28,0.0,2265.28
2650,2024-11-05,East,Electronics,12,206.9,2482.8,0.0,2482.8
1499,2024-11-05,North,Furniture,7,400.25,2801.75,0.15,2381.49
1670,2024-11-06,West,Groceries,4,94.42,377.68,0.1,339.91
1697,2024-11-06,North,Furniture,3,382.61,1147.83,0.0,1147.83
2349,2024-11-06,North,Clothing,1,339.44,339.44,0.05,322.47
1536,2024-11-06,North,Sports,12,321.45,3857.4,0.0,3857.4
2684,2024-11-06,North,Sports,12,413.64,4963.68,0.0,4963.68
2938,2024-11-06,North,Groceries,11,355.8,3913.8,0.0,3913.8
1748,2024-11-07,East,Groceries,1,444.33,444.33,0.15,377.68
2316,2024-11-07,East,Sports,2,479.76,959.52,0.1,863.57
1188,2024-11-07,East,Sports,9,224.26,2018.34,0.0,2018.34
2759,2024-11-08,East,Groceries,10,17.95,179.5,0.1,161.55
2214,2024-11-08,North,Groceries,10,224.71,2247.1,0.0,2247.1
1304,2024-11-11,North,Clothing,12,107.29,1287.48,0.15,1094.36
2608,2024-11-11,North,Furniture,11,184.44,2028.84,0.15,1724.51
1036,2024-11-12,West,Sports,7,365.96,2561.72,0.1,2305.55
1837,2024-11-12,East,Sports,5,466.72,2333.6,0.0,2333.6
1384,2024-11-12,North,Electronics,7,92.72,649.04,0.0,649.04
1160,2024-11-12,East,Clothing,10,317.9,3179.0,0.2,2543.2
1413,2024-11-12,East,Furniture,4,156.32,625.28,0.0,625.28
2116,2024-11-13,North,Sports,3,204.32,612.96,0.2,490.37
2953,2024-11-13,North,Furniture,7,288.17,2017.19,0.0,2017.19
1191,2024-11-14,North,Sports,6,224.6,1347.6,0.0,1347.6
1223,2024-11-14,South,Electronics,5,94.53,472.65,0.0,472.65
1127,2024-11-14,South,Groceries,10,213.65,2136.5,0.05,2029.68
1662,2024-11-15,North,Groceries,13,80.38,1044.94,0.05,992.69
1758,2024-11-15,East,Groceries,11,213.81,2351.91,0.1,2116.72
2091,2024-11-15,North,Groceries,3,177.78,533.34,0.05,506.67
1390,2024-11-15,North,Electronics,9,19.42,174.78,0.0,174.78
2857,2024-11-15,West,Clothing,12,469.34,5632.08,0.1,5068.87
2331,2024-11-15,North,Clothing,6,414.24,2485.44,0.05,2361.17
1370,2024-11-16,West,Groceries,7,34.7,242.9,0.0,242.9
2743,2024-11-16,North,Groceries,2,176.14,352.28,0.05,334.67
2811,2024-11-16,South,Groceries,6,139.64,837.84,0.0,837.84
2681,2024-11-17,North,Electronics,14,472.76,6618.64,0.0,6618.64
2960,2024-11-17,South,Clothing,14,403.82,5653.48,0.0,5653.48
1040,2024-11-17,East,Electronics,8,97.83,782.64,0.05,743.51
2708,2024-11-17,South,Groceries,12,306.47,3677.64,0.0,3677.64
2433,2024-11-18,East,Clothing,1,447.52,447.52,0.1,402.77
2584,2024-11-18,East,Clothing,2,135.48,270.96,0.1,243.86
1316,2024-11-18,North,Electronics,1,480.09,480.09,0.05,456.09
2180,2024-11-19,West,Sports,14,447.96,6271.44,0.1,5644.3
2492,2024-11-19,West,Furniture,8,136.0,1088.0,0.0,1088.0
1733,2024-11-19,West,Sports,12,156.3,1875.6,0.1,1688.04
2540,2024-11-19,South,Sports,2,27.98,55.96,0.05,53.16
2888,2024-11-19,West,Sports,14,163.49,2288.86,0.2,1831.09
1540,2024-11-19,North,Clothing,3,219.77,659.31,0.1,593.38
2828,2024-11-20,South,Clothing,9,426.25,3836.25,0.2,3069.0
2547,2024-11-20,North,Electronics,10,262.1,2621.0,0.05,2489.95
1989,2024-11-20,South,Clothing,13,135.2,1757.6,0.1,1581.84
1498,2024-11-20,East,Clothing,11,426.37,4690.07,0.1,4221.06
1142,2024-11-21,East,Furniture,13,137.78,1791.14,0.0,1791.14
2985,2024-11-21,East,Sports,8,349.12,2792.96,0.05,2653.31
2786,2024-11-21,North,Furniture,11,306.25,3368.75,0.0,3368.75
1502,2024-11-21,East,Sports,4,117.52,470.08,0.0,470.08
2039,2024-11-21,South,Clothing,9,32.72,294.48,0.0,294.48
1198,2024-11-22,North,Electronics,2,331.87,663.74,0.1,597.37
1925,2024-11-22,North,Furniture,3,279.29,837.87,0.05,795.98
1412,2024-11-22,South,Sports,1,104.43,104.43,0.05,99.21
1866,2024-11-22,North,Sports,3,486.62,1459.86,0.0,1459.86
2612,2024-11-23,North,Furniture,8,39.83,318.64,0.0,318.64
1587,2024-11-23,West,Sports,2,345.74,691.48,0.0,691.48
2341,2024-11-23,North,Furniture,5,471.2,2356.0,0.0,2356.0
2748,2024-11-23,West,Furniture,1,414.09,414.09,0.0,414.09
2990,2024-11-23,East,Furniture,2,293.29,586.58,0.2,469.26
2860,2024-11-25,North,Electronics,5,122.85,614.25,0.15,522.11
1549,2024-11-25,West,Furniture,1,91.91,91.91,0.0,91.91
1823,2024-11-26,West,Sports,1,9.66,9.66,0.0,9.66
2083,2024-11-26,South,Groceries,10,173.8,1738.0,0.1,1564.2
2482,2024-11-27,East,Clothing,9,360.9,3248.1,0.0,3248.1
1464,2024-11-27,East,Sports,7,324.95,2274.65,0.0,2274.65
1700,2024-11-28,North,Groceries,9,140.67,1266.03,0.05,1202.73
1403,2024-11-28,East,Clothing,2,101.7,203.4,0.0,203.4
2593,2024-11-28,South,Furniture,11,138.33,1521.63,0.0,1521.63
1559,2024-11-29,East,Clothing,2,282.1,564.2,0.0,564.2
1211,2024-11-29,West,Sports,5,368.95,1844.75,0.0,1844.75
1881,2024-11-29,West,Sports,5,145.09,725.45,0.1,652.91
1156,2024-11-29,East,Electronics,1,273.09,273.09,0.0,273.09
1358,2024-11-30,North,Furniture,12,99.02,1188.24,0.0,1188.24
2618,2024-11-30,South,Groceries,5,428.1,2140.5,0.2,1712.4
2647,2024-11-30,North,Electronics,9,258.59,2327.31,0.1,2094.58
2845,2024-11-30,West,Sports,14,354.41,4961.74,0.05,4713.65
1038,2024-11-30,West,Clothing,9,210.5,1894.5,0.05,1799.78
2262,2024-11-30,North,Clothing,6,350.6,2103.6,0.1,1893.24
1006,2024-12-01,South,Furniture,10,125.55,1255.5,0.15,1067.18
2186,2024-12-01,South,Groceries,14,296.7,4153.8,0.0,4153.8
2334,2024-12-02,North,Electronics,3,438.07,1314.21,0.0,1314.21
1086,2024-12-02,East,Groceries,14,360.35,5044.9,0.0,5044.9
1074,2024-12-03,South,Furniture,10,402.91,4029.1,0.0,4029.1
1705,2024-12-04,West,Sports,14,33.82,473.48,0.0,473.48
1455,2024-12-04,South,Sports,13,405.14,5266.82,0.0,5266.82
2680,2024-12-04,East,Electronics,9,194.98,1754.82,0.0,1754.82
1788,2024-12-04,West,Electronics,13,448.66,5832.58,0.0,5832.58
2503,2024-12-05,South,Groceries,12,50.53,606.36,0.0,606.36
2340,2024-12-05,North,Groceries,8,123.02,984.16,0.0,984.16
2673,2024-12-05,South,Sports,2,210.91,421.82,0.05,400.73
1301,2024-12-06,East,Sports,7,143.28,1002.96,0.0,1002.96
2944,2024-12-07,West,Electronics,12,337.74,4052.88,0.0,4052.88
2268,2024-12-07,East,Sports,12,350.92,4211.04,0.05,4000.49
2713,2024-12-07,South,Sports,13,58.5,760.5,0.0,760.5
1743,2024-12-09,West,Groceries,13,396.33,5152.29,0.0,5152.29
1717,2024-12-09,South,Sports,9,439.53,3955.77,0.05,3757.98
2265,2024-12-09,South,Clothing,7,157.69,1103.83,0.0,1103.83
2411,2024-12-10,East,Sports,5,463.51,2317.55,0.0,2317.55
2167,2024-12-10,South,Clothing,5,152.68,763.4,0.1,687.06
1226,2024-12-10,East,Electronics,6,247.95,1487.7,0.0,1487.7
1183,2024-12-10,South,Groceries,12,216.26,2595.12,0.2,2076.1
1935,2024-12-10,North,Clothing,12,238.47,2861.64,0.05,2718.56
2511,2024-12-10,East,Furniture,1,75.36,75.36,0.0,75.36
1253,2024-12-11,West,Electronics,14,491.04,6874.56,0.1,6187.1
2520,2024-12-11,West,Groceries,5,213.67,1068.35,0.05,1014.93
2424,2024-12-11,North,Sports,2,25.27,50.54,0.1,45.49
2104,2024-12-12,East,Groceries,10,223.72,2237.2,0.0,2237.2
2375,2024-12-13,West,Sports,9,361.45,3253.05,0.0,3253.05
2871,2024-12-14,West,Furniture,2,268.77,537.54,0.05,510.66
2282,2024-12-14,South,Sports,14,442.46,6194.44,0.05,5884.72
1895,2024-12-14,West,Clothing,7,499.13,3493.91,0.0,3493.91
1635,2024-12-14,East,Clothing,12,361.0,4332.0,0.05,4115.4
1749,2024-12-14,South,Groceries,9,322.43,2901.87,0.0,2901.87
2800,2024-12-14,South,Sports,7,411.43,2880.01,0.15,2448.01
1964,2024-12-15,West,Sports,1,409.84,409.84,0.0,409.84
2683,2024-12-16,North,Groceries,8,287.75,2302.0,0.0,2302.0
2826,2024-12-16,East,Furniture,6,397.98,2387.88,0.05,2268.49
1759,2024-12-17,East,Clothing,14,347.19,4860.66,0.1,4374.59
2768,2024-12-17,North,Electronics,14,457.85,6409.9,0.1,5768.91
2634,2024-12-18,East,Electronics,10,122.1,1221.0,0.1,1098.9
1569,2024-12-18,North,Groceries,12,82.67,992.04,0.0,992.04
1867,2024-12-19,North,Electronics,7,114.62,802.34,0.05,762.22
2969,2024-12-19,East,Electronics,8,491.28,3930.24,0.05,3733.73
1089,2024-12-20,West,Electronics,7,150.43,1053.01,0.1,947.71
1303,2024-12-20,South,Furniture,1,461.97,461.97,0.15,392.67
2769,2024-12-21,South,Sports,1,179.25,179.25,0.0,179.25
2288,2024-12-21,West,Sports,3,110.3,330.9,0.05,314.35
2461,2024-12-22,East,Furniture,7,418.71,2930.97,0.05,2784.42
2864,2024-12-23,West,Groceries,10,69.3,693.0,0.2,554.4
2193,2024-12-23,West,Clothing,3,154.19,462.57,0.0,462.57
1974,2024-12-24,East,Furniture,4,490.82,1963.28,0.0,1963.28
1709,2024-12-24,West,Furniture,1,378.75,378.75,0.0,378.75
1088,2024-12-25,North,Furniture,10,350.68,3506.8,0.1,3156.12
2023,2024-12-25,South,Electronics,10,282.98,2829.8,0.0,2829.8
2878,2024-12-25,South,Sports,12,226.73,2720.76,0.0,2720.76
1871,2024-12-26,East,Sports,8,437.84,3502.72,0.0,3502.72
2760,2024-12-26,South,Furniture,10,345.72,3457.2,0.05,3284.34
1128,2024-12-26,West,Sports,10,51.73,517.3,0.0,517.3
2130,2024-12-26,East,Furniture,4,461.38,1845.52,0.0,1845.52
2307,2024-12-27,South,Furniture,7,385.97,2701.79,0.1,2431.61
1084,2024-12-27,North,Clothing,2,373.58,747.16,0.0,747.16
1519,2024-12-27,South,Sports,5,394.36,1971.8,0.05,1873.21
2539,2024-12-27,South,Groceries,3,225.15,675.45,0.0,675.45
2435,2024-12-27,East,Clothing,6,27.9,167.4,0.05,159.03
1400,2024-12-27,West,Furniture,11,410.2,4512.2,0.0,4512.2
2408,2024-12-27,East,Groceries,5,24.34,121.7,0.15,103.44
2286,2024-12-27,East,Furniture,12,89.28,1071.36,0.0,1071.36
1125,2024-12-28,North,Sports,5,196.25,981.25,0.0,981.25
1534,2024-12-29,East,Furniture,12,383.3,4599.6,0.0,4599.6
2781,2024-12-29,East,Electronics,4,152.35,609.4,0.05,578.93
1556,2024-12-29,East,Clothing,7,36.93,258.51,0.0,258.51
1076,2024-12-30,East,Groceries,4,35.91,143.64,0.1,129.28
1848,2024-12-30,East,Groceries,10,234.46,2344.6,0.0,2344.6
1224,2024-12-30,North,Groceries,13,368.71,4793.23,0.1,4313.91
2668,2024-12-31,North,Clothing,8,436.28,3490.24,0.0,3490.24
2326,2024-12-31,South,Furniture,9,78.57,707.13,0.0,707.13
